lib,func,N,window_size,time
pandas,RollingMean,100,10,0.00030200020410120487
screamer,RollingMean,100,10,7.641594856977463e-05
pandas,RollingStd,100,10,8.320808410644531e-05
screamer,RollingStd,100,10,1.9578728824853897e-06
pandas,RollingSkew,100,10,6.962497718632221e-05
screamer,RollingSkew,100,10,8.457805961370468e-06
pandas,RollingKurt,100,10,7.312512025237083e-05
screamer,RollingKurt,100,10,2.1669548004865646e-06
pandas,RollingMean,200,10,6.0165999457240105e-05
screamer,RollingMean,200,10,1.8330756574869156e-06
pandas,RollingStd,200,10,4.979199729859829e-05
screamer,RollingStd,200,10,1.375097781419754e-06
pandas,RollingSkew,200,10,4.3665990233421326e-05
screamer,RollingSkew,200,10,1.4998950064182281e-06
pandas,RollingKurt,200,10,6.0165999457240105e-05
screamer,RollingKurt,200,10,1.7080456018447876e-06
pandas,RollingMean,200,100,3.933301195502281e-05
screamer,RollingMean,200,100,1.5830155462026596e-06
pandas,RollingStd,200,100,4.283408634364605e-05
screamer,RollingStd,200,100,1.250067725777626e-06
pandas,RollingSkew,200,100,4.016701132059097e-05
screamer,RollingSkew,200,100,1.4579854905605316e-06
pandas,RollingKurt,200,100,3.933301195502281e-05
screamer,RollingKurt,200,100,1.5830155462026596e-06
pandas,RollingMean,300,10,4.9667200073599815e-05
screamer,RollingMean,300,10,2.834014594554901e-06
pandas,RollingStd,300,10,4.087504930794239e-05
screamer,RollingStd,300,10,1.3329554349184036e-06
pandas,RollingSkew,300,10,3.9041973650455475e-05
screamer,RollingSkew,300,10,1.6249250620603561e-06
pandas,RollingKurt,300,10,3.987504169344902e-05
screamer,RollingKurt,300,10,1.915963366627693e-06
pandas,RollingMean,300,100,3.512483090162277e-05
screamer,RollingMean,300,100,2.250075340270996e-06
pandas,RollingStd,300,100,3.91670037060976e-05
screamer,RollingStd,300,100,1.3329554349184036e-06
pandas,RollingSkew,300,100,3.916607238352299e-05
screamer,RollingSkew,300,100,1.6668345779180527e-06
pandas,RollingKurt,300,100,3.870902583003044e-05
screamer,RollingKurt,300,100,1.8749851733446121e-06
pandas,RollingMean,400,10,4.520895890891552e-05
screamer,RollingMean,400,10,3.4999102354049683e-06
pandas,RollingStd,400,10,4.133302718400955e-05
screamer,RollingStd,400,10,1.4170072972774506e-06
pandas,RollingSkew,400,10,3.774999640882015e-05
screamer,RollingSkew,400,10,1.8328428268432617e-06
pandas,RollingKurt,400,10,3.908318467438221e-05
screamer,RollingKurt,400,10,2.2079329937696457e-06
pandas,RollingMean,400,100,3.337487578392029e-05
screamer,RollingMean,400,100,2.583954483270645e-06
pandas,RollingStd,400,100,3.845803439617157e-05
screamer,RollingStd,400,100,1.4170072972774506e-06
pandas,RollingSkew,400,100,3.7250109016895294e-05
screamer,RollingSkew,400,100,1.9171275198459625e-06
pandas,RollingKurt,400,100,3.716698847711086e-05
screamer,RollingKurt,400,100,2.1669548004865646e-06
pandas,RollingMean,500,10,4.704110324382782e-05
screamer,RollingMean,500,10,4.209112375974655e-06
pandas,RollingStd,500,10,4.3708132579922676e-05
screamer,RollingStd,500,10,1.5408731997013092e-06
pandas,RollingSkew,500,10,3.937492147088051e-05
screamer,RollingSkew,500,10,2.0831357687711716e-06
pandas,RollingKurt,500,10,3.9125094190239906e-05
screamer,RollingKurt,500,10,2.5408808141946793e-06
pandas,RollingMean,500,100,3.491691313683987e-05
screamer,RollingMean,500,100,3.2908283174037933e-06
pandas,RollingStd,500,100,4.116701893508434e-05
screamer,RollingStd,500,100,1.584179699420929e-06
pandas,RollingSkew,500,100,3.812485374510288e-05
screamer,RollingSkew,500,100,2.0419247448444366e-06
pandas,RollingKurt,500,100,3.833393566310406e-05
screamer,RollingKurt,500,100,2.458924427628517e-06
pandas,RollingMean,600,10,8.341716602444649e-05
screamer,RollingMean,600,10,4.084082320332527e-06
pandas,RollingStd,600,10,4.916684702038765e-05
screamer,RollingStd,600,10,1.708976924419403e-06
pandas,RollingSkew,600,10,4.191696643829346e-05
screamer,RollingSkew,600,10,2.3748725652694702e-06
pandas,RollingKurt,600,10,4.1708117350935936e-05
screamer,RollingKurt,600,10,2.874992787837982e-06
pandas,RollingMean,600,100,3.495789133012295e-05
screamer,RollingMean,600,100,3.6249402910470963e-06
pandas,RollingStd,600,100,4.075001925230026e-05
screamer,RollingStd,600,100,1.750187948346138e-06
pandas,RollingSkew,600,100,3.954186104238033e-05
screamer,RollingSkew,600,100,2.4170149117708206e-06
pandas,RollingKurt,600,100,3.979192115366459e-05
screamer,RollingKurt,600,100,2.8330832719802856e-06
pandas,RollingMean,700,10,4.570791497826576e-05
screamer,RollingMean,700,10,5.082925781607628e-06
pandas,RollingStd,700,10,4.779198206961155e-05
screamer,RollingStd,700,10,2.0829029381275177e-06
pandas,RollingSkew,700,10,4.404108040034771e-05
screamer,RollingSkew,700,10,2.874992787837982e-06
pandas,RollingKurt,700,10,4.49582003057003e-05
screamer,RollingKurt,700,10,3.4999102354049683e-06
pandas,RollingMean,700,100,3.8499943912029266e-05
screamer,RollingMean,700,100,4.667090252041817e-06
pandas,RollingStd,700,100,4.587508738040924e-05
screamer,RollingStd,700,100,2.166023477911949e-06
pandas,RollingSkew,700,100,4.345807246863842e-05
screamer,RollingSkew,700,100,2.874992787837982e-06
pandas,RollingKurt,700,100,4.39169816672802e-05
screamer,RollingKurt,700,100,3.5830307751893997e-06
pandas,RollingMean,800,10,4.1416846215724945e-05
screamer,RollingMean,800,10,5.749985575675964e-06
pandas,RollingStd,800,10,4.7541921958327293e-05
screamer,RollingStd,800,10,2.2081658244132996e-06
pandas,RollingSkew,800,10,4.520895890891552e-05
screamer,RollingSkew,800,10,3.1669624149799347e-06
pandas,RollingKurt,800,10,4.558311775326729e-05
screamer,RollingKurt,800,10,3.916909918189049e-06
pandas,RollingMean,800,100,3.854208625853062e-05
screamer,RollingMean,800,100,5.458015948534012e-06
pandas,RollingStd,800,100,4.733307287096977e-05
screamer,RollingStd,800,100,2.2919848561286926e-06
pandas,RollingSkew,800,100,4.4625019654631615e-05
screamer,RollingSkew,800,100,3.1669624149799347e-06
pandas,RollingKurt,800,100,4.491605795919895e-05
screamer,RollingKurt,800,100,3.875000402331352e-06
pandas,RollingMean,900,10,4.187482409179211e-05
screamer,RollingMean,900,10,6.292015314102173e-06
pandas,RollingStd,900,10,4.937499761581421e-05
screamer,RollingStd,900,10,2.416083589196205e-06
pandas,RollingSkew,900,10,4.63749747723341e-05
screamer,RollingSkew,900,10,3.4580007195472717e-06
pandas,RollingKurt,900,10,4.85831405967474e-05
screamer,RollingKurt,900,10,4.292000085115433e-06
pandas,RollingMean,900,100,4.129204899072647e-05
screamer,RollingMean,900,100,6.125075742602348e-06
pandas,RollingStd,900,100,4.991702735424042e-05
screamer,RollingStd,900,100,2.4170149117708206e-06
pandas,RollingSkew,900,100,4.575005732476711e-05
screamer,RollingSkew,900,100,3.5408884286880493e-06
pandas,RollingKurt,900,100,4.6625034883618355e-05
screamer,RollingKurt,900,100,4.333909600973129e-06
pandas,RollingMean,1000,10,4.191696643829346e-05
screamer,RollingMean,1000,10,6.916932761669159e-06
pandas,RollingStd,1000,10,4.99580055475235e-05
screamer,RollingStd,1000,10,2.5420449674129486e-06
pandas,RollingSkew,1000,10,4.5999884605407715e-05
screamer,RollingSkew,1000,10,3.709224984049797e-06
pandas,RollingKurt,1000,10,4.7084176912903786e-05
screamer,RollingKurt,1000,10,4.667090252041817e-06
pandas,RollingMean,1000,100,4.191603511571884e-05
screamer,RollingMean,1000,100,6.708083674311638e-06
pandas,RollingStd,1000,100,5.133310332894325e-05
screamer,RollingStd,1000,100,2.5830231606960297e-06
pandas,RollingSkew,1000,100,4.6625034883618355e-05
screamer,RollingSkew,1000,100,3.7918798625469208e-06
pandas,RollingKurt,1000,100,4.741596058011055e-05
screamer,RollingKurt,1000,100,4.666857421398163e-06
pandas,RollingMean,2000,10,5.050003528594971e-05
screamer,RollingMean,2000,10,1.295795664191246e-05
pandas,RollingStd,2000,10,6.512505933642387e-05
screamer,RollingStd,2000,10,4.249857738614082e-06
pandas,RollingSkew,2000,10,5.529192276299e-05
screamer,RollingSkew,2000,10,6.583984941244125e-06
pandas,RollingKurt,2000,10,5.795806646347046e-05
screamer,RollingKurt,2000,10,8.458038792014122e-06
pandas,RollingMean,2000,100,4.616705700755119e-05
screamer,RollingMean,2000,100,1.2750038877129555e-05
pandas,RollingStd,2000,100,6.274995394051075e-05
screamer,RollingStd,2000,100,4.292000085115433e-06
pandas,RollingSkew,2000,100,5.445792339742184e-05
screamer,RollingSkew,2000,100,6.749993190169334e-06
pandas,RollingKurt,2000,100,5.725002847611904e-05
screamer,RollingKurt,2000,100,7.667113095521927e-06
pandas,RollingMean,2000,1000,4.033418372273445e-05
screamer,RollingMean,2000,1000,7.2498805820941925e-06
pandas,RollingStd,2000,1000,5.24579081684351e-05
screamer,RollingStd,2000,1000,4.125060513615608e-06
pandas,RollingSkew,2000,1000,4.8832967877388e-05
screamer,RollingSkew,2000,1000,6.58305361866951e-06
pandas,RollingKurt,2000,1000,5.087512545287609e-05
screamer,RollingKurt,2000,1000,7.875030860304832e-06
pandas,RollingMean,3000,10,5.870801396667957e-05
screamer,RollingMean,3000,10,1.9042054191231728e-05
pandas,RollingStd,3000,10,7.587485015392303e-05
screamer,RollingStd,3000,10,5.875015631318092e-06
pandas,RollingSkew,3000,10,6.316602230072021e-05
screamer,RollingSkew,3000,10,9.458046406507492e-06
pandas,RollingKurt,3000,10,6.687501445412636e-05
screamer,RollingKurt,3000,10,1.2292061001062393e-05
pandas,RollingMean,3000,100,5.179201252758503e-05
screamer,RollingMean,3000,100,1.8624821677803993e-05
pandas,RollingStd,3000,100,7.529091089963913e-05
screamer,RollingStd,3000,100,5.95790334045887e-06
pandas,RollingSkew,3000,100,6.070919334888458e-05
screamer,RollingSkew,3000,100,8.5409265011549e-06
pandas,RollingKurt,3000,100,5.9833982959389687e-05
screamer,RollingKurt,3000,100,1.1082971468567848e-05
pandas,RollingMean,3000,1000,4.5459019020199776e-05
screamer,RollingMean,3000,1000,1.4749821275472641e-05
pandas,RollingStd,3000,1000,6.35830219835043e-05
screamer,RollingStd,3000,1000,5.541834980249405e-06
pandas,RollingSkew,3000,1000,5.462486296892166e-05
screamer,RollingSkew,3000,1000,9.125098586082458e-06
pandas,RollingKurt,3000,1000,5.729193799197674e-05
screamer,RollingKurt,3000,1000,1.0999850928783417e-05
pandas,RollingMean,4000,10,6.391690112650394e-05
screamer,RollingMean,4000,10,2.4958979338407516e-05
pandas,RollingStd,4000,10,8.791708387434483e-05
screamer,RollingStd,4000,10,7.5409188866615295e-06
pandas,RollingSkew,4000,10,7.183291018009186e-05
screamer,RollingSkew,4000,10,1.2250151485204697e-05
pandas,RollingKurt,4000,10,7.808394730091095e-05
screamer,RollingKurt,4000,10,1.5958910807967186e-05
pandas,RollingMean,4000,100,5.7416968047618866e-05
screamer,RollingMean,4000,100,2.2124964743852615e-05
pandas,RollingStd,4000,100,7.845787331461906e-05
screamer,RollingStd,4000,100,6.749993190169334e-06
pandas,RollingSkew,4000,100,6.295810453593731e-05
screamer,RollingSkew,4000,100,1.1041061952710152e-05
pandas,RollingKurt,4000,100,6.874999962747097e-05
screamer,RollingKurt,4000,100,1.4417106285691261e-05
pandas,RollingMean,4000,1000,5.070795305073261e-05
screamer,RollingMean,4000,1000,1.787487417459488e-05
pandas,RollingStd,4000,1000,7.420801557600498e-05
screamer,RollingStd,4000,1000,7.00005330145359e-06
pandas,RollingSkew,4000,1000,6.170780397951603e-05
screamer,RollingSkew,4000,1000,1.1333031579852104e-05
pandas,RollingKurt,4000,1000,6.708293221890926e-05
screamer,RollingKurt,4000,1000,1.4749821275472641e-05
pandas,RollingMean,5000,10,6.229197606444359e-05
screamer,RollingMean,5000,10,2.783280797302723e-05
pandas,RollingStd,5000,10,8.966587483882904e-05
screamer,RollingStd,5000,10,8.292030543088913e-06
pandas,RollingSkew,5000,10,7.229112088680267e-05
screamer,RollingSkew,5000,10,1.3459008187055588e-05
pandas,RollingKurt,5000,10,7.766694761812687e-05
screamer,RollingKurt,5000,10,1.7666025087237358e-05
pandas,RollingMean,5000,100,5.679088644683361e-05
screamer,RollingMean,5000,100,2.7582980692386627e-05
pandas,RollingStd,5000,100,8.974992670118809e-05
screamer,RollingStd,5000,100,8.249888196587563e-06
pandas,RollingSkew,5000,100,7.41670373827219e-05
screamer,RollingSkew,5000,100,1.3832934200763702e-05
pandas,RollingKurt,5000,100,7.77500681579113e-05
screamer,RollingKurt,5000,100,1.7875107005238533e-05
pandas,RollingMean,5000,1000,5.6625111028552055e-05
screamer,RollingMean,5000,1000,2.5582965463399887e-05
pandas,RollingStd,5000,1000,8.583301678299904e-05
screamer,RollingStd,5000,1000,8.500181138515472e-06
pandas,RollingSkew,5000,1000,7.191603071987629e-05
screamer,RollingSkew,5000,1000,1.354212872684002e-05
pandas,RollingKurt,5000,1000,7.558288052678108e-05
screamer,RollingKurt,5000,1000,1.7083948478102684e-05
pandas,RollingMean,6000,10,6.695790216326714e-05
screamer,RollingMean,6000,10,3.454182296991348e-05
pandas,RollingStd,6000,10,0.0001129999291151762
screamer,RollingStd,6000,10,9.709037840366364e-06
pandas,RollingSkew,6000,10,7.77500681579113e-05
screamer,RollingSkew,6000,10,1.6042031347751617e-05
pandas,RollingKurt,6000,10,9.18328296393156e-05
screamer,RollingKurt,6000,10,2.087489701807499e-05
pandas,RollingMean,6000,100,6.204214878380299e-05
screamer,RollingMean,6000,100,3.287498839199543e-05
pandas,RollingStd,6000,100,0.00010158400982618332
screamer,RollingStd,6000,100,9.790994226932526e-06
pandas,RollingSkew,6000,100,8.004112169146538e-05
screamer,RollingSkew,6000,100,1.6415957361459732e-05
pandas,RollingKurt,6000,100,8.712499402463436e-05
screamer,RollingKurt,6000,100,2.1167099475860596e-05
pandas,RollingMean,6000,1000,6.737490184605122e-05
screamer,RollingMean,6000,1000,3.095786087214947e-05
pandas,RollingStd,6000,1000,9.670807048678398e-05
screamer,RollingStd,6000,1000,1.00000761449337e-05
pandas,RollingSkew,6000,1000,7.804203778505325e-05
screamer,RollingSkew,6000,1000,1.6124919056892395e-05
pandas,RollingKurt,6000,1000,8.462509140372276e-05
screamer,RollingKurt,6000,1000,2.0833918824791908e-05
pandas,RollingMean,7000,10,6.912508979439735e-05
screamer,RollingMean,7000,10,3.8624973967671394e-05
pandas,RollingStd,7000,10,0.00011445814743638039
screamer,RollingStd,7000,10,1.1249911040067673e-05
pandas,RollingSkew,7000,10,8.529098704457283e-05
screamer,RollingSkew,7000,10,1.8541933968663216e-05
pandas,RollingKurt,7000,10,9.645894169807434e-05
screamer,RollingKurt,7000,10,2.4250010028481483e-05
pandas,RollingMean,7000,100,7.445784285664558e-05
screamer,RollingMean,7000,100,3.850017674267292e-05
pandas,RollingStd,7000,100,0.0001105000264942646
screamer,RollingStd,7000,100,1.13749410957098e-05
pandas,RollingSkew,7000,100,8.454103954136372e-05
screamer,RollingSkew,7000,100,1.8624821677803993e-05
pandas,RollingKurt,7000,100,9.63748898357153e-05
screamer,RollingKurt,7000,100,2.4624867364764214e-05
pandas,RollingMean,7000,1000,7.616705261170864e-05
screamer,RollingMean,7000,1000,3.474997356534004e-05
pandas,RollingStd,7000,1000,0.00010716705583035946
screamer,RollingStd,7000,1000,1.1416850611567497e-05
pandas,RollingSkew,7000,1000,8.416688069701195e-05
screamer,RollingSkew,7000,1000,1.8667196854948997e-05
pandas,RollingKurt,7000,1000,9.424984455108643e-05
screamer,RollingKurt,7000,1000,2.38749198615551e-05
pandas,RollingMean,8000,10,7.720803841948509e-05
screamer,RollingMean,8000,10,4.4082989916205406e-05
pandas,RollingStd,8000,10,0.0001240831334143877
screamer,RollingStd,8000,10,1.2750038877129555e-05
pandas,RollingSkew,8000,10,9.491713717579842e-05
screamer,RollingSkew,8000,10,2.1042069420218468e-05
pandas,RollingKurt,8000,10,0.00010566692799329758
screamer,RollingKurt,8000,10,2.7582980692386627e-05
pandas,RollingMean,8000,100,7.066712714731693e-05
screamer,RollingMean,8000,100,4.366692155599594e-05
pandas,RollingStd,8000,100,0.00012183305807411671
screamer,RollingStd,8000,100,1.2709060683846474e-05
pandas,RollingSkew,8000,100,9.158393368124962e-05
screamer,RollingSkew,8000,100,2.1208077669143677e-05
pandas,RollingKurt,8000,100,0.00010466598905622959
screamer,RollingKurt,8000,100,2.7999980375170708e-05
pandas,RollingMean,8000,1000,7.120799273252487e-05
screamer,RollingMean,8000,1000,3.9665959775447845e-05
pandas,RollingStd,8000,1000,0.00011866679415106773
screamer,RollingStd,8000,1000,1.295912079513073e-05
pandas,RollingSkew,8000,1000,9.258300997316837e-05
screamer,RollingSkew,8000,1000,2.11251899600029e-05
pandas,RollingKurt,8000,1000,0.00010291603393852711
screamer,RollingKurt,8000,1000,2.7082860469818115e-05
pandas,RollingMean,9000,10,7.83340074121952e-05
screamer,RollingMean,9000,10,4.924996756017208e-05
pandas,RollingStd,9000,10,0.0001332079991698265
screamer,RollingStd,9000,10,1.4208024367690086e-05
pandas,RollingSkew,9000,10,9.99579206109047e-05
screamer,RollingSkew,9000,10,2.3582950234413147e-05
pandas,RollingKurt,9000,10,0.00011366605758666992
screamer,RollingKurt,9000,10,3.0916882678866386e-05
pandas,RollingMean,9000,100,8.645793423056602e-05
screamer,RollingMean,9000,100,4.912493750452995e-05
pandas,RollingStd,9000,100,0.00013441592454910278
screamer,RollingStd,9000,100,1.4249933883547783e-05
pandas,RollingSkew,9000,100,0.00010504107922315598
screamer,RollingSkew,9000,100,2.38749198615551e-05
pandas,RollingKurt,9000,100,0.00011537480168044567
screamer,RollingKurt,9000,100,3.145821392536163e-05
pandas,RollingMean,9000,1000,7.579196244478226e-05
screamer,RollingMean,9000,1000,4.712515510618687e-05
pandas,RollingStd,9000,1000,0.0001296249683946371
screamer,RollingStd,9000,1000,1.4458084478974342e-05
pandas,RollingSkew,9000,1000,9.874999523162842e-05
screamer,RollingSkew,9000,1000,2.3707980290055275e-05
pandas,RollingKurt,9000,1000,0.00011091702617704868
screamer,RollingKurt,9000,1000,3.0458904802799225e-05
pandas,RollingMean,10000,10,8.49161297082901e-05
screamer,RollingMean,10000,10,5.4833944886922836e-05
pandas,RollingStd,10000,10,0.0001441671047359705
screamer,RollingStd,10000,10,1.5707919374108315e-05
pandas,RollingSkew,10000,10,0.00010670814663171768
screamer,RollingSkew,10000,10,2.629193477332592e-05
pandas,RollingKurt,10000,10,0.00012474996037781239
screamer,RollingKurt,10000,10,3.433297388255596e-05
pandas,RollingMean,10000,100,8.133403025567532e-05
screamer,RollingMean,10000,100,5.4625095799565315e-05
pandas,RollingStd,10000,100,0.00014466699212789536
screamer,RollingStd,10000,100,1.574982888996601e-05
pandas,RollingSkew,10000,100,0.00010841595940291882
screamer,RollingSkew,10000,100,2.6499852538108826e-05
pandas,RollingKurt,10000,100,0.0001230000052601099
screamer,RollingKurt,10000,100,3.483286127448082e-05
pandas,RollingMean,10000,1000,9.279209189116955e-05
screamer,RollingMean,10000,1000,5.0625065341591835e-05
pandas,RollingStd,10000,1000,0.00014387513510882854
screamer,RollingStd,10000,1000,1.5958910807967186e-05
pandas,RollingSkew,10000,1000,0.00010683294385671616
screamer,RollingSkew,10000,1000,2.6250025257468224e-05
pandas,RollingKurt,10000,1000,0.00011970801278948784
screamer,RollingKurt,10000,1000,3.391713835299015e-05
pandas,RollingMean,20000,10,0.000134957954287529
screamer,RollingMean,20000,10,0.00010879198089241982
pandas,RollingStd,20000,10,0.000259083928540349
screamer,RollingStd,20000,10,4.033301956951618e-05
pandas,RollingSkew,20000,10,0.0002060411497950554
screamer,RollingSkew,20000,10,6.654090248048306e-05
pandas,RollingKurt,20000,10,0.00026187486946582794
screamer,RollingKurt,20000,10,6.96659553796053e-05
pandas,RollingMean,20000,100,0.00013879197649657726
screamer,RollingMean,20000,100,0.0001085831318050623
pandas,RollingStd,20000,100,0.00025270809419453144
screamer,RollingStd,20000,100,3.0624913051724434e-05
pandas,RollingSkew,20000,100,0.0001784579362720251
screamer,RollingSkew,20000,100,5.224999040365219e-05
pandas,RollingKurt,20000,100,0.00020691705867648125
screamer,RollingKurt,20000,100,6.883405148983002e-05
pandas,RollingMean,20000,1000,0.00013004103675484657
screamer,RollingMean,20000,1000,0.00010483409278094769
pandas,RollingStd,20000,1000,0.00024874997325241566
screamer,RollingStd,20000,1000,3.104214556515217e-05
pandas,RollingSkew,20000,1000,0.0001777498982846737
screamer,RollingSkew,20000,1000,5.179201252758503e-05
pandas,RollingKurt,20000,1000,0.00020483299158513546
screamer,RollingKurt,20000,1000,6.754091009497643e-05
pandas,RollingMean,20000,10000,0.00013054115697741508
screamer,RollingMean,20000,10000,8.641602471470833e-05
pandas,RollingStd,20000,10000,0.00021350011229515076
screamer,RollingStd,20000,10000,3.8874801248311996e-05
pandas,RollingSkew,20000,10000,0.00017424998804926872
screamer,RollingSkew,20000,10000,5.4584117606282234e-05
pandas,RollingKurt,20000,10000,0.00018362491391599178
screamer,RollingKurt,20000,10000,6.616581231355667e-05
pandas,RollingMean,30000,10,0.00019395793788135052
screamer,RollingMean,30000,10,0.00016366597265005112
pandas,RollingStd,30000,10,0.00036341696977615356
screamer,RollingStd,30000,10,4.6582892537117004e-05
pandas,RollingSkew,30000,10,0.0002500000409781933
screamer,RollingSkew,30000,10,7.712515071034431e-05
pandas,RollingKurt,30000,10,0.00029341690242290497
screamer,RollingKurt,30000,10,0.00010124989785254002
pandas,RollingMean,30000,100,0.0001799161545932293
screamer,RollingMean,30000,100,0.00016287504695355892
pandas,RollingStd,30000,100,0.00036212499253451824
screamer,RollingStd,30000,100,4.6625034883618355e-05
pandas,RollingSkew,30000,100,0.00024916697293519974
screamer,RollingSkew,30000,100,7.750000804662704e-05
pandas,RollingKurt,30000,100,0.0002919579856097698
screamer,RollingKurt,30000,100,0.00010308390483260155
pandas,RollingMean,30000,1000,0.00017949985340237617
screamer,RollingMean,30000,1000,0.00015908293426036835
pandas,RollingStd,30000,1000,0.0003584160003811121
screamer,RollingStd,30000,1000,4.712492227554321e-05
pandas,RollingSkew,30000,1000,0.0002480421680957079
screamer,RollingSkew,30000,1000,7.708393968641758e-05
pandas,RollingKurt,30000,1000,0.00028787506744265556
screamer,RollingKurt,30000,1000,0.00010108295828104019
pandas,RollingMean,30000,10000,0.00017829099670052528
screamer,RollingMean,30000,10000,0.00014083296991884708
pandas,RollingStd,30000,10000,0.00032345810905098915
screamer,RollingStd,30000,10000,4.687486216425896e-05
pandas,RollingSkew,30000,10000,0.00024154200218617916
screamer,RollingSkew,30000,10000,8.083297871053219e-05
pandas,RollingKurt,30000,10000,0.0002697079908102751
screamer,RollingKurt,30000,10000,0.000100292032584548
pandas,RollingMean,40000,10,0.00024991598911583424
screamer,RollingMean,40000,10,0.00021729199215769768
pandas,RollingStd,40000,10,0.00047387508675456047
screamer,RollingStd,40000,10,6.025005131959915e-05
pandas,RollingSkew,40000,10,0.0003215419128537178
screamer,RollingSkew,40000,10,0.00010266713798046112
pandas,RollingKurt,40000,10,0.00038016587495803833
screamer,RollingKurt,40000,10,0.00013487506657838821
pandas,RollingMean,40000,100,0.00022874982096254826
screamer,RollingMean,40000,100,0.00021733413450419903
pandas,RollingStd,40000,100,0.0004729998763650656
screamer,RollingStd,40000,100,6.033293902873993e-05
pandas,RollingSkew,40000,100,0.000320750055834651
screamer,RollingSkew,40000,100,0.00010337494313716888
pandas,RollingKurt,40000,100,0.00037591601721942425
screamer,RollingKurt,40000,100,0.0001371661201119423
pandas,RollingMean,40000,1000,0.00022891699336469173
screamer,RollingMean,40000,1000,0.00021466705948114395
pandas,RollingStd,40000,1000,0.00048154196701943874
screamer,RollingStd,40000,1000,6.0999998822808266e-05
pandas,RollingSkew,40000,1000,0.0003200001083314419
screamer,RollingSkew,40000,1000,0.00010245782323181629
pandas,RollingKurt,40000,1000,0.0003725001588463783
screamer,RollingKurt,40000,1000,0.00013483292423188686
pandas,RollingMean,40000,10000,0.00022716587409377098
screamer,RollingMean,40000,10000,0.0001740830484777689
pandas,RollingStd,40000,10000,0.0004322498571127653
screamer,RollingStd,40000,10000,6.379187107086182e-05
pandas,RollingSkew,40000,10000,0.0003285829443484545
screamer,RollingSkew,40000,10000,0.00011987495236098766
pandas,RollingKurt,40000,10000,0.000429708044975996
screamer,RollingKurt,40000,10000,0.00013837497681379318
pandas,RollingMean,50000,10,0.0003266669809818268
screamer,RollingMean,50000,10,0.0002769168931990862
pandas,RollingStd,50000,10,0.0006278331857174635
screamer,RollingStd,50000,10,7.512513548135757e-05
pandas,RollingSkew,50000,10,0.00039516715332865715
screamer,RollingSkew,50000,10,0.00012887478806078434
pandas,RollingKurt,50000,10,0.0005179580766707659
screamer,RollingKurt,50000,10,0.00016775005497038364
pandas,RollingMean,50000,100,0.0002802920062094927
screamer,RollingMean,50000,100,0.00027087493799626827
pandas,RollingStd,50000,100,0.0006228750571608543
screamer,RollingStd,50000,100,7.524993270635605e-05
pandas,RollingSkew,50000,100,0.0003952919505536556
screamer,RollingSkew,50000,100,0.00013091601431369781
pandas,RollingKurt,50000,100,0.0005223751068115234
screamer,RollingKurt,50000,100,0.00018587498925626278
pandas,RollingMean,50000,1000,0.00029816688038408756
screamer,RollingMean,50000,1000,0.00028449995443224907
pandas,RollingStd,50000,1000,0.0006533749401569366
screamer,RollingStd,50000,1000,7.600011304020882e-05
pandas,RollingSkew,50000,1000,0.0004051660653203726
screamer,RollingSkew,50000,1000,0.0001277918927371502
pandas,RollingKurt,50000,1000,0.0004983749240636826
screamer,RollingKurt,50000,1000,0.00016845902428030968
pandas,RollingMean,50000,10000,0.0002768749836832285
screamer,RollingMean,50000,10000,0.0002493751235306263
pandas,RollingStd,50000,10000,0.000602334039285779
screamer,RollingStd,50000,10000,7.695890963077545e-05
pandas,RollingSkew,50000,10000,0.0003827079199254513
screamer,RollingSkew,50000,10000,0.00013366714119911194
pandas,RollingKurt,50000,10000,0.0004766250494867563
screamer,RollingKurt,50000,10000,0.0001710830256342888
pandas,RollingMean,60000,10,0.0003918751608580351
screamer,RollingMean,60000,10,0.00020450004376471043
pandas,RollingStd,60000,10,0.0007050419226288795
screamer,RollingStd,60000,10,8.999998681247234e-05
pandas,RollingSkew,60000,10,0.0004781661555171013
screamer,RollingSkew,60000,10,0.00015320791862905025
pandas,RollingKurt,60000,10,0.0005677498411387205
screamer,RollingKurt,60000,10,0.00020162505097687244
pandas,RollingMean,60000,100,0.0003280418459326029
screamer,RollingMean,60000,100,0.00032524997368454933
pandas,RollingStd,60000,100,0.0006923750042915344
screamer,RollingStd,60000,100,9.02500469237566e-05
pandas,RollingSkew,60000,100,0.00046737492084503174
screamer,RollingSkew,60000,100,0.00015449989587068558
pandas,RollingKurt,60000,100,0.0005552079528570175
screamer,RollingKurt,60000,100,0.00020533311180770397
pandas,RollingMean,60000,1000,0.0003334160428494215
screamer,RollingMean,60000,1000,0.0003220830112695694
pandas,RollingStd,60000,1000,0.0006863339804112911
screamer,RollingStd,60000,1000,9.091710671782494e-05
pandas,RollingSkew,60000,1000,0.0004655420780181885
screamer,RollingSkew,60000,1000,0.00015333294868469238
pandas,RollingKurt,60000,1000,0.0005512498319149017
screamer,RollingKurt,60000,1000,0.0002015838399529457
pandas,RollingMean,60000,10000,0.00032620783895254135
screamer,RollingMean,60000,10000,0.00029375008307397366
pandas,RollingStd,60000,10000,0.0006787499878555536
screamer,RollingStd,60000,10000,9.55420546233654e-05
pandas,RollingSkew,60000,10000,0.00047524995170533657
screamer,RollingSkew,60000,10000,0.0001599160023033619
pandas,RollingKurt,60000,10000,0.0005211671814322472
screamer,RollingKurt,60000,10000,0.00020508305169641972
pandas,RollingMean,70000,10,0.00037941616028547287
screamer,RollingMean,70000,10,0.00037966598756611347
pandas,RollingStd,70000,10,0.0007978340145200491
screamer,RollingStd,70000,10,0.00010654190555214882
pandas,RollingSkew,70000,10,0.0005371670704334974
screamer,RollingSkew,70000,10,0.00018279091455042362
pandas,RollingKurt,70000,10,0.0006410421337932348
screamer,RollingKurt,70000,10,0.0002357920166105032
pandas,RollingMean,70000,100,0.00037804082967340946
screamer,RollingMean,70000,100,0.0003790000919252634
pandas,RollingStd,70000,100,0.0008161249570548534
screamer,RollingStd,70000,100,0.00010495912283658981
pandas,RollingSkew,70000,100,0.0005373330786824226
screamer,RollingSkew,70000,100,0.0001802078913897276
pandas,RollingKurt,70000,100,0.0006428749766200781
screamer,RollingKurt,70000,100,0.00024362513795495033
pandas,RollingMean,70000,1000,0.0004012088757008314
screamer,RollingMean,70000,1000,0.00037608295679092407
pandas,RollingStd,70000,1000,0.0007953338790684938
screamer,RollingStd,70000,1000,0.00010612490586936474
pandas,RollingSkew,70000,1000,0.0005338748451322317
screamer,RollingSkew,70000,1000,0.00017899996601045132
pandas,RollingKurt,70000,1000,0.0006405001040548086
screamer,RollingKurt,70000,1000,0.00023891706950962543
pandas,RollingMean,70000,10000,0.00037724990397691727
screamer,RollingMean,70000,10000,0.00036266702227294445
pandas,RollingStd,70000,10000,0.0008298747707158327
screamer,RollingStd,70000,10000,0.00012462493032217026
pandas,RollingSkew,70000,10000,0.0005641249008476734
screamer,RollingSkew,70000,10000,0.00018729199655354023
pandas,RollingKurt,70000,10000,0.0006382919382303953
screamer,RollingKurt,70000,10000,0.00023874989710748196
pandas,RollingMean,80000,10,0.0004645839799195528
screamer,RollingMean,80000,10,0.00043816701509058475
pandas,RollingStd,80000,10,0.0009650408755987883
screamer,RollingStd,80000,10,0.00012374995276331902
pandas,RollingSkew,80000,10,0.0007127909921109676
screamer,RollingSkew,80000,10,0.0002057079691439867
pandas,RollingKurt,80000,10,0.0007442499045282602
screamer,RollingKurt,80000,10,0.00029395800083875656
pandas,RollingMean,80000,100,0.0004320000298321247
screamer,RollingMean,80000,100,0.0004372920375317335
pandas,RollingStd,80000,100,0.0009552920237183571
screamer,RollingStd,80000,100,0.00012099999003112316
pandas,RollingSkew,80000,100,0.0006131250411272049
screamer,RollingSkew,80000,100,0.00020599993877112865
pandas,RollingKurt,80000,100,0.0007484171073883772
screamer,RollingKurt,80000,100,0.0002759159542620182
pandas,RollingMean,80000,1000,0.00042837485671043396
screamer,RollingMean,80000,1000,0.00043070781975984573
pandas,RollingStd,80000,1000,0.0009762921836227179
screamer,RollingStd,80000,1000,0.00012216600589454174
pandas,RollingSkew,80000,1000,0.0006084998603910208
screamer,RollingSkew,80000,1000,0.00020408397540450096
pandas,RollingKurt,80000,1000,0.0007525829132646322
screamer,RollingKurt,80000,1000,0.0002696251031011343
pandas,RollingMean,80000,10000,0.0004251671489328146
screamer,RollingMean,80000,10000,0.0004127498250454664
pandas,RollingStd,80000,10000,0.0009134169667959213
screamer,RollingStd,80000,10000,0.00012166611850261688
pandas,RollingSkew,80000,10000,0.0006001249421387911
screamer,RollingSkew,80000,10000,0.00021262490190565586
pandas,RollingKurt,80000,10000,0.0007265838794410229
screamer,RollingKurt,80000,10000,0.0002837090287357569
pandas,RollingMean,90000,10,0.0005079580005258322
screamer,RollingMean,90000,10,0.00031270901672542095
pandas,RollingStd,90000,10,0.0011270418763160706
screamer,RollingStd,90000,10,0.00013470789417624474
pandas,RollingSkew,90000,10,0.000743707874789834
screamer,RollingSkew,90000,10,0.00022950000129640102
pandas,RollingKurt,90000,10,0.0009084159974008799
screamer,RollingKurt,90000,10,0.00030229194089770317
pandas,RollingMean,90000,100,0.0005598331335932016
screamer,RollingMean,90000,100,0.0004944168031215668
pandas,RollingStd,90000,100,0.0011086671147495508
screamer,RollingStd,90000,100,0.00013654213398694992
pandas,RollingSkew,90000,100,0.000743707874789834
screamer,RollingSkew,90000,100,0.0002316250465810299
pandas,RollingKurt,90000,100,0.0009071659296751022
screamer,RollingKurt,90000,100,0.0003080421593040228
pandas,RollingMean,90000,1000,0.0005483750719577074
screamer,RollingMean,90000,1000,0.0004867089446634054
pandas,RollingStd,90000,1000,0.001110458979383111
screamer,RollingStd,90000,1000,0.00013741618022322655
pandas,RollingSkew,90000,1000,0.0007418328896164894
screamer,RollingSkew,90000,1000,0.00022975006140768528
pandas,RollingKurt,90000,1000,0.0009045000188052654
screamer,RollingKurt,90000,1000,0.00030341697856783867
pandas,RollingMean,90000,10000,0.0005497918464243412
screamer,RollingMean,90000,10000,0.00044666603207588196
pandas,RollingStd,90000,10000,0.0010734579991549253
screamer,RollingStd,90000,10000,0.00015691714361310005
pandas,RollingSkew,90000,10000,0.0007132501341402531
screamer,RollingSkew,90000,10000,0.0002588750794529915
pandas,RollingKurt,90000,10000,0.000889291986823082
screamer,RollingKurt,90000,10000,0.0003974169958382845
pandas,RollingMean,100000,10,0.0005904161371290684
screamer,RollingMean,100000,10,0.0005419577937573195
pandas,RollingStd,100000,10,0.0012217920739203691
screamer,RollingStd,100000,10,0.0001496251206845045
pandas,RollingSkew,100000,10,0.0008147088810801506
screamer,RollingSkew,100000,10,0.0002554161474108696
pandas,RollingKurt,100000,10,0.0009501669555902481
screamer,RollingKurt,100000,10,0.0003359159454703331
pandas,RollingMean,100000,100,0.0005500840488821268
screamer,RollingMean,100000,100,0.0005429168231785297
pandas,RollingStd,100000,100,0.0011879999656230211
screamer,RollingStd,100000,100,0.00015170802362263203
pandas,RollingSkew,100000,100,0.0008446669671684504
screamer,RollingSkew,100000,100,0.0002745420206338167
pandas,RollingKurt,100000,100,0.0009921668097376823
screamer,RollingKurt,100000,100,0.00036854203790426254
pandas,RollingMean,100000,1000,0.0005505001172423363
screamer,RollingMean,100000,1000,0.0005395831540226936
pandas,RollingStd,100000,1000,0.0011802089866250753
screamer,RollingStd,100000,1000,0.0001510828733444214
pandas,RollingSkew,100000,1000,0.000802542082965374
screamer,RollingSkew,100000,1000,0.0002551248762756586
pandas,RollingKurt,100000,1000,0.0009449999779462814
screamer,RollingKurt,100000,1000,0.0003364169970154762
pandas,RollingMean,100000,10000,0.0005465832073241472
screamer,RollingMean,100000,10000,0.0005069589242339134
pandas,RollingStd,100000,10000,0.0011480411048978567
screamer,RollingStd,100000,10000,0.00015275017358362675
pandas,RollingSkew,100000,10000,0.0007977921050041914
screamer,RollingSkew,100000,10000,0.00026524998247623444
pandas,RollingKurt,100000,10000,0.000912040937691927
screamer,RollingKurt,100000,10000,0.00033674994483590126
pandas,RollingMean,200000,10,0.0014555410016328096
screamer,RollingMean,200000,10,0.001139333937317133
pandas,RollingStd,200000,10,0.0025907920207828283
screamer,RollingStd,200000,10,0.00034587481059134007
pandas,RollingSkew,200000,10,0.0018201658967882395
screamer,RollingSkew,200000,10,0.0005547909531742334
pandas,RollingKurt,200000,10,0.0021437909454107285
screamer,RollingKurt,200000,10,0.0007371660321950912
pandas,RollingMean,200000,100,0.0014030830934643745
screamer,RollingMean,200000,100,0.0011296248994767666
pandas,RollingStd,200000,100,0.0025878751184791327
screamer,RollingStd,200000,100,0.00034608389250934124
pandas,RollingSkew,200000,100,0.0018080000299960375
screamer,RollingSkew,200000,100,0.0005542910657823086
pandas,RollingKurt,200000,100,0.002199500100687146
screamer,RollingKurt,200000,100,0.0007429998368024826
pandas,RollingMean,200000,1000,0.001302541932091117
screamer,RollingMean,200000,1000,0.001128958072513342
pandas,RollingStd,200000,1000,0.0025757921393960714
screamer,RollingStd,200000,1000,0.00034683290868997574
pandas,RollingSkew,200000,1000,0.0018544169142842293
screamer,RollingSkew,200000,1000,0.0005516249220818281
pandas,RollingKurt,200000,1000,0.0021142500918358564
screamer,RollingKurt,200000,1000,0.0007194590289145708
pandas,RollingMean,200000,10000,0.0012925839982926846
screamer,RollingMean,200000,10000,0.0011077090166509151
pandas,RollingStd,200000,10000,0.002517250133678317
screamer,RollingStd,200000,10000,0.00039008306339383125
pandas,RollingSkew,200000,10000,0.0017884171102195978
screamer,RollingSkew,200000,10000,0.0005847078282386065
pandas,RollingKurt,200000,10000,0.0020977091044187546
screamer,RollingKurt,200000,10000,0.0007454999722540379
pandas,RollingMean,200000,100000,0.0012947078794240952
screamer,RollingMean,200000,100000,0.000932042021304369
pandas,RollingStd,200000,100000,0.0021916660480201244
screamer,RollingStd,200000,100000,0.00035845814272761345
pandas,RollingSkew,200000,100000,0.0017443329561501741
screamer,RollingSkew,200000,100000,0.000586541835218668
pandas,RollingKurt,200000,100000,0.0018791670445352793
screamer,RollingKurt,200000,100000,0.0007012500427663326
pandas,RollingMean,300000,10,0.0019805000629276037
screamer,RollingMean,300000,10,0.001687958836555481
pandas,RollingStd,300000,10,0.0038435000460594893
screamer,RollingStd,300000,10,0.0005201669409871101
pandas,RollingSkew,300000,10,0.0027050001081079245
screamer,RollingSkew,300000,10,0.0008314589504152536
pandas,RollingKurt,300000,10,0.0031580831855535507
screamer,RollingKurt,300000,10,0.0010741669684648514
pandas,RollingMean,300000,100,0.0019354999531060457
screamer,RollingMean,300000,100,0.0017305000219494104
pandas,RollingStd,300000,100,0.003828292014077306
screamer,RollingStd,300000,100,0.0005177920684218407
pandas,RollingSkew,300000,100,0.0028032499831169844
screamer,RollingSkew,300000,100,0.0008458329830318689
pandas,RollingKurt,300000,100,0.003271500114351511
screamer,RollingKurt,300000,100,0.001100708032026887
pandas,RollingMean,300000,1000,0.0019444169010967016
screamer,RollingMean,300000,1000,0.0016830828972160816
pandas,RollingStd,300000,1000,0.003961833892390132
screamer,RollingStd,300000,1000,0.0005317081231623888
pandas,RollingSkew,300000,1000,0.0028072078712284565
screamer,RollingSkew,300000,1000,0.000829166965559125
pandas,RollingKurt,300000,1000,0.0031609998550266027
screamer,RollingKurt,300000,1000,0.0010775839909911156
pandas,RollingMean,300000,10000,0.0019372079987078905
screamer,RollingMean,300000,10000,0.0016561669763177633
pandas,RollingStd,300000,10000,0.003890042193233967
screamer,RollingStd,300000,10000,0.0005298750475049019
pandas,RollingSkew,300000,10000,0.0027477501425892115
screamer,RollingSkew,300000,10000,0.0008716669399291277
pandas,RollingKurt,300000,10000,0.0031349998898804188
screamer,RollingKurt,300000,10000,0.0011157921981066465
pandas,RollingMean,300000,100000,0.0019124581012874842
screamer,RollingMean,300000,100000,0.0013403750490397215
pandas,RollingStd,300000,100000,0.0034176248591393232
screamer,RollingStd,300000,100000,0.0005289579275995493
pandas,RollingSkew,300000,100000,0.0025932909920811653
screamer,RollingSkew,300000,100000,0.0008870000019669533
pandas,RollingKurt,300000,100000,0.002882166998460889
screamer,RollingKurt,300000,100000,0.0010735418181866407
pandas,RollingMean,400000,10,0.0026322919875383377
screamer,RollingMean,400000,10,0.0022482499480247498
pandas,RollingStd,400000,10,0.005130999954417348
screamer,RollingStd,400000,10,0.0006881249137222767
pandas,RollingSkew,400000,10,0.0036402500700205564
screamer,RollingSkew,400000,10,0.0011023329570889473
pandas,RollingKurt,400000,10,0.004206875106319785
screamer,RollingKurt,400000,10,0.0014355839230120182
pandas,RollingMean,400000,100,0.002554625039920211
screamer,RollingMean,400000,100,0.002249083947390318
pandas,RollingStd,400000,100,0.005245500011369586
screamer,RollingStd,400000,100,0.0006921668536961079
pandas,RollingSkew,400000,100,0.003645000047981739
screamer,RollingSkew,400000,100,0.0011086249724030495
pandas,RollingKurt,400000,100,0.004321417072787881
screamer,RollingKurt,400000,100,0.0014840411022305489
pandas,RollingMean,400000,1000,0.0026100832037627697
screamer,RollingMean,400000,1000,0.002259625121951103
pandas,RollingStd,400000,1000,0.005088625010102987
screamer,RollingStd,400000,1000,0.0006942078471183777
pandas,RollingSkew,400000,1000,0.003690082812681794
screamer,RollingSkew,400000,1000,0.0011182921007275581
pandas,RollingKurt,400000,1000,0.00417700014077127
screamer,RollingKurt,400000,1000,0.0014352919533848763
pandas,RollingMean,400000,10000,0.0025832499377429485
screamer,RollingMean,400000,10000,0.0023112501949071884
pandas,RollingStd,400000,10000,0.005051749991253018
screamer,RollingStd,400000,10000,0.0007031669374555349
pandas,RollingSkew,400000,10000,0.0037620000075548887
screamer,RollingSkew,400000,10000,0.0012151249684393406
pandas,RollingKurt,400000,10000,0.004096916876733303
screamer,RollingKurt,400000,10000,0.0014544581063091755
pandas,RollingMean,400000,100000,0.0025591659359633923
screamer,RollingMean,400000,100000,0.0018471251241862774
pandas,RollingStd,400000,100000,0.004693292081356049
screamer,RollingStd,400000,100000,0.0007093749009072781
pandas,RollingSkew,400000,100000,0.0035751250106841326
screamer,RollingSkew,400000,100000,0.0011650410015136003
pandas,RollingKurt,400000,100000,0.004102624952793121
screamer,RollingKurt,400000,100000,0.0014589170459657907
pandas,RollingMean,500000,10,0.0034059579484164715
screamer,RollingMean,500000,10,0.002813166007399559
pandas,RollingStd,500000,10,0.006512833992019296
screamer,RollingStd,500000,10,0.0008589578792452812
pandas,RollingSkew,500000,10,0.0045957500115036964
screamer,RollingSkew,500000,10,0.001379665918648243
pandas,RollingKurt,500000,10,0.005314416950568557
screamer,RollingKurt,500000,10,0.001800584141165018
pandas,RollingMean,500000,100,0.003395125037059188
screamer,RollingMean,500000,100,0.002805416937917471
pandas,RollingStd,500000,100,0.006679292069748044
screamer,RollingStd,500000,100,0.0009119170717895031
pandas,RollingSkew,500000,100,0.004650707822293043
screamer,RollingSkew,500000,100,0.0013924580998718739
pandas,RollingKurt,500000,100,0.005322667071595788
screamer,RollingKurt,500000,100,0.0018265829421579838
pandas,RollingMean,500000,1000,0.003234999952837825
screamer,RollingMean,500000,1000,0.00282475003041327
pandas,RollingStd,500000,1000,0.006424375111237168
screamer,RollingStd,500000,1000,0.0008822500240057707
pandas,RollingSkew,500000,1000,0.004552292171865702
screamer,RollingSkew,500000,1000,0.0013815418351441622
pandas,RollingKurt,500000,1000,0.005277999909594655
screamer,RollingKurt,500000,1000,0.001801332924515009
pandas,RollingMean,500000,10000,0.0031907090451568365
screamer,RollingMean,500000,10000,0.0028462919872254133
pandas,RollingStd,500000,10000,0.006406208034604788
screamer,RollingStd,500000,10000,0.0008612079545855522
pandas,RollingSkew,500000,10000,0.004564458038657904
screamer,RollingSkew,500000,10000,0.00144716608338058
pandas,RollingKurt,500000,10000,0.005237624980509281
screamer,RollingKurt,500000,10000,0.0018506250344216824
pandas,RollingMean,500000,100000,0.0031807920895516872
screamer,RollingMean,500000,100000,0.0026160841807723045
pandas,RollingStd,500000,100000,0.006018457934260368
screamer,RollingStd,500000,100000,0.0008810830768197775
pandas,RollingSkew,500000,100000,0.004392041824758053
screamer,RollingSkew,500000,100000,0.0014856248162686825
pandas,RollingKurt,500000,100000,0.005103875184431672
screamer,RollingKurt,500000,100000,0.0018206671811640263
pandas,RollingMean,600000,10,0.004000417189672589
screamer,RollingMean,600000,10,0.0033881659619510174
pandas,RollingStd,600000,10,0.007795582991093397
screamer,RollingStd,600000,10,0.001029707957059145
pandas,RollingSkew,600000,10,0.005578499985858798
screamer,RollingSkew,600000,10,0.0017127909231930971
pandas,RollingKurt,600000,10,0.006501874886453152
screamer,RollingKurt,600000,10,0.002149917185306549
pandas,RollingMean,600000,100,0.004010749980807304
screamer,RollingMean,600000,100,0.0034475410357117653
pandas,RollingStd,600000,100,0.007802292006090283
screamer,RollingStd,600000,100,0.0010324160102754831
pandas,RollingSkew,600000,100,0.005557042080909014
screamer,RollingSkew,600000,100,0.0016695840749889612
pandas,RollingKurt,600000,100,0.006369374925270677
screamer,RollingKurt,600000,100,0.002183249918743968
pandas,RollingMean,600000,1000,0.0038858328480273485
screamer,RollingMean,600000,1000,0.0033890828490257263
pandas,RollingStd,600000,1000,0.007678875001147389
screamer,RollingStd,600000,1000,0.0010544171091169119
pandas,RollingSkew,600000,1000,0.00565616600215435
screamer,RollingSkew,600000,1000,0.001651250058785081
pandas,RollingKurt,600000,1000,0.0063760001212358475
screamer,RollingKurt,600000,1000,0.0021924590691924095
pandas,RollingMean,600000,10000,0.0038764579221606255
screamer,RollingMean,600000,10000,0.003353916807100177
pandas,RollingStd,600000,10000,0.007671749917790294
screamer,RollingStd,600000,10000,0.0010385410860180855
pandas,RollingSkew,600000,10000,0.0053884589578956366
screamer,RollingSkew,600000,10000,0.0017710828687995672
pandas,RollingKurt,600000,10000,0.006288209231570363
screamer,RollingKurt,600000,10000,0.00219829217530787
pandas,RollingMean,600000,100000,0.0038451668806374073
screamer,RollingMean,600000,100000,0.0031680830288678408
pandas,RollingStd,600000,100000,0.007347542094066739
screamer,RollingStd,600000,100000,0.0010512499138712883
pandas,RollingSkew,600000,100000,0.0053987090941518545
screamer,RollingSkew,600000,100000,0.0017655419651418924
pandas,RollingKurt,600000,100000,0.006174665875732899
screamer,RollingKurt,600000,100000,0.0022175409831106663
pandas,RollingMean,700000,10,0.004743667086586356
screamer,RollingMean,700000,10,0.003940417198464274
pandas,RollingStd,700000,10,0.009177041938528419
screamer,RollingStd,700000,10,0.0012064171023666859
pandas,RollingSkew,700000,10,0.006597749888896942
screamer,RollingSkew,700000,10,0.0019872088450938463
pandas,RollingKurt,700000,10,0.0075613330118358135
screamer,RollingKurt,700000,10,0.0026246248744428158
pandas,RollingMean,700000,100,0.00467825005762279
screamer,RollingMean,700000,100,0.0039572089444845915
pandas,RollingStd,700000,100,0.009243333013728261
screamer,RollingStd,700000,100,0.0012035840190947056
pandas,RollingSkew,700000,100,0.006471124943345785
screamer,RollingSkew,700000,100,0.0019433749839663506
pandas,RollingKurt,700000,100,0.00759320892393589
screamer,RollingKurt,700000,100,0.0025438331067562103
pandas,RollingMean,700000,1000,0.004605374997481704
screamer,RollingMean,700000,1000,0.003960917005315423
pandas,RollingStd,700000,1000,0.009135416010394692
screamer,RollingStd,700000,1000,0.0012157091405242682
pandas,RollingSkew,700000,1000,0.006507707992568612
screamer,RollingSkew,700000,1000,0.0019344170577824116
pandas,RollingKurt,700000,1000,0.00751754199154675
screamer,RollingKurt,700000,1000,0.0025162920355796814
pandas,RollingMean,700000,10000,0.00458937487564981
screamer,RollingMean,700000,10000,0.003951917169615626
pandas,RollingStd,700000,10000,0.00900416704826057
screamer,RollingStd,700000,10000,0.0012739161029458046
pandas,RollingSkew,700000,10000,0.006417833035811782
screamer,RollingSkew,700000,10000,0.0020669579971581697
pandas,RollingKurt,700000,10000,0.0074572081211954355
screamer,RollingKurt,700000,10000,0.0025890411343425512
pandas,RollingMean,700000,100000,0.004598458064720035
screamer,RollingMean,700000,100000,0.0037331250496208668
pandas,RollingStd,700000,100000,0.008665666915476322
screamer,RollingStd,700000,100000,0.0012397088576108217
pandas,RollingSkew,700000,100000,0.00628950004465878
screamer,RollingSkew,700000,100000,0.002036042045801878
pandas,RollingKurt,700000,100000,0.007293540984392166
screamer,RollingKurt,700000,100000,0.002566375071182847
pandas,RollingMean,800000,10,0.005567583022639155
screamer,RollingMean,800000,10,0.004532416118308902
pandas,RollingStd,800000,10,0.010515958070755005
screamer,RollingStd,800000,10,0.0013824999332427979
pandas,RollingSkew,800000,10,0.007676374865695834
screamer,RollingSkew,800000,10,0.0023364159278571606
pandas,RollingKurt,800000,10,0.008994832867756486
screamer,RollingKurt,800000,10,0.0028745830059051514
pandas,RollingMean,800000,100,0.005407124990597367
screamer,RollingMean,800000,100,0.0044977921061217785
pandas,RollingStd,800000,100,0.010477415984496474
screamer,RollingStd,800000,100,0.0013817499857395887
pandas,RollingSkew,800000,100,0.00748862512409687
screamer,RollingSkew,800000,100,0.002231291029602289
pandas,RollingKurt,800000,100,0.008621250046417117
screamer,RollingKurt,800000,100,0.0029539999086409807
pandas,RollingMean,800000,1000,0.005315082846209407
screamer,RollingMean,800000,1000,0.004491791827604175
pandas,RollingStd,800000,1000,0.010451999958604574
screamer,RollingStd,800000,1000,0.0013847078662365675
pandas,RollingSkew,800000,1000,0.007564208935946226
screamer,RollingSkew,800000,1000,0.00226358394138515
pandas,RollingKurt,800000,1000,0.008617750136181712
screamer,RollingKurt,800000,1000,0.0029122079722583294
pandas,RollingMean,800000,10000,0.005284540820866823
screamer,RollingMean,800000,10000,0.004489583196118474
pandas,RollingStd,800000,10000,0.010483166901394725
screamer,RollingStd,800000,10000,0.0014179579447954893
pandas,RollingSkew,800000,10000,0.007424582960084081
screamer,RollingSkew,800000,10000,0.00231458293274045
pandas,RollingKurt,800000,10000,0.008571791928261518
screamer,RollingKurt,800000,10000,0.002930999966338277
pandas,RollingMean,800000,100000,0.005321082891896367
screamer,RollingMean,800000,100000,0.004103916930034757
pandas,RollingStd,800000,100000,0.010175332892686129
screamer,RollingStd,800000,100000,0.0014667080249637365
pandas,RollingSkew,800000,100000,0.007594624999910593
screamer,RollingSkew,800000,100000,0.002328375121578574
pandas,RollingKurt,800000,100000,0.008381250081583858
screamer,RollingKurt,800000,100000,0.002957999939098954
pandas,RollingMean,900000,10,0.006105249980464578
screamer,RollingMean,900000,10,0.005028708139434457
pandas,RollingStd,900000,10,0.011417916975915432
screamer,RollingStd,900000,10,0.0015523331239819527
pandas,RollingSkew,900000,10,0.008957208832725883
screamer,RollingSkew,900000,10,0.0026254169642925262
pandas,RollingKurt,900000,10,0.009865667205303907
screamer,RollingKurt,900000,10,0.0032859169878065586
pandas,RollingMean,900000,100,0.0060729170218110085
screamer,RollingMean,900000,100,0.005119625013321638
pandas,RollingStd,900000,100,0.011913167079910636
screamer,RollingStd,900000,100,0.0015574591234326363
pandas,RollingSkew,900000,100,0.008508041966706514
screamer,RollingSkew,900000,100,0.002562084002420306
pandas,RollingKurt,900000,100,0.009796249913051724
screamer,RollingKurt,900000,100,0.0033107090275734663
pandas,RollingMean,900000,1000,0.006000332999974489
screamer,RollingMean,900000,1000,0.005131458165124059
pandas,RollingStd,900000,1000,0.011818957980722189
screamer,RollingStd,900000,1000,0.0015554160345345736
pandas,RollingSkew,900000,1000,0.008555833017453551
screamer,RollingSkew,900000,1000,0.0024999158922582865
pandas,RollingKurt,900000,1000,0.009731958154588938
screamer,RollingKurt,900000,1000,0.00327858398668468
pandas,RollingMean,900000,10000,0.00602433318272233
screamer,RollingMean,900000,10000,0.005088499980047345
pandas,RollingStd,900000,10000,0.011832999996840954
screamer,RollingStd,900000,10000,0.0015964580234140158
pandas,RollingSkew,900000,10000,0.008586083073168993
screamer,RollingSkew,900000,10000,0.002597291022539139
pandas,RollingKurt,900000,10000,0.009735625004395843
screamer,RollingKurt,900000,10000,0.0033106659539043903
pandas,RollingMean,900000,100000,0.005928999977186322
screamer,RollingMean,900000,100000,0.004892459139227867
pandas,RollingStd,900000,100000,0.01136787491850555
screamer,RollingStd,900000,100000,0.0016031251288950443
pandas,RollingSkew,900000,100000,0.008379624923691154
screamer,RollingSkew,900000,100000,0.002611959120258689
pandas,RollingKurt,900000,100000,0.009541874984279275
screamer,RollingKurt,900000,100000,0.0033319999929517508
pandas,RollingMean,1000000,10,0.006805333076044917
screamer,RollingMean,1000000,10,0.00565649988129735
pandas,RollingStd,1000000,10,0.013164999894797802
screamer,RollingStd,1000000,10,0.0017917919903993607
pandas,RollingSkew,1000000,10,0.009649958927184343
screamer,RollingSkew,1000000,10,0.002804792020469904
pandas,RollingKurt,1000000,10,0.010991750052198768
screamer,RollingKurt,1000000,10,0.0035938748624175787
pandas,RollingMean,1000000,100,0.006755916867405176
screamer,RollingMean,1000000,100,0.005645042052492499
pandas,RollingStd,1000000,100,0.013487834017723799
screamer,RollingStd,1000000,100,0.001804416999220848
pandas,RollingSkew,1000000,100,0.009866666980087757
screamer,RollingSkew,1000000,100,0.0028698749374598265
pandas,RollingKurt,1000000,100,0.011114166816696525
screamer,RollingKurt,1000000,100,0.0037034160923212767
pandas,RollingMean,1000000,1000,0.007063583936542273
screamer,RollingMean,1000000,1000,0.005672750063240528
pandas,RollingStd,1000000,1000,0.013381541008129716
screamer,RollingStd,1000000,1000,0.001753833843395114
pandas,RollingSkew,1000000,1000,0.009554417105391622
screamer,RollingSkew,1000000,1000,0.0028198750223964453
pandas,RollingKurt,1000000,1000,0.011516124941408634
screamer,RollingKurt,1000000,1000,0.003776625031605363
pandas,RollingMean,1000000,10000,0.007045249920338392
screamer,RollingMean,1000000,10000,0.00625037495046854
pandas,RollingStd,1000000,10000,0.013949916930869222
screamer,RollingStd,1000000,10000,0.0017922918777912855
pandas,RollingSkew,1000000,10000,0.009617457864806056
screamer,RollingSkew,1000000,10000,0.0029098750092089176
pandas,RollingKurt,1000000,10000,0.010860875016078353
screamer,RollingKurt,1000000,10000,0.003667375072836876
pandas,RollingMean,1000000,100000,0.006895042024552822
screamer,RollingMean,1000000,100000,0.005287750158458948
pandas,RollingStd,1000000,100000,0.012890415964648128
screamer,RollingStd,1000000,100000,0.001824666978791356
pandas,RollingSkew,1000000,100000,0.009589374996721745
screamer,RollingSkew,1000000,100000,0.0029511249158531427
pandas,RollingKurt,1000000,100000,0.010707250097766519
screamer,RollingKurt,1000000,100000,0.0037485421635210514
pandas,RollingMean,2000000,10,0.013648374937474728
screamer,RollingMean,2000000,10,0.011537790996953845
pandas,RollingStd,2000000,10,0.025043792091310024
screamer,RollingStd,2000000,10,0.0036011249758303165
pandas,RollingSkew,2000000,10,0.019241207977756858
screamer,RollingSkew,2000000,10,0.005701667163521051
pandas,RollingKurt,2000000,10,0.02167404186911881
screamer,RollingKurt,2000000,10,0.0073520829901099205
pandas,RollingMean,2000000,100,0.013911791145801544
screamer,RollingMean,2000000,100,0.011284167179837823
pandas,RollingStd,2000000,100,0.025983708910644054
screamer,RollingStd,2000000,100,0.003534624818712473
pandas,RollingSkew,2000000,100,0.01860983297228813
screamer,RollingSkew,2000000,100,0.005762374959886074
pandas,RollingKurt,2000000,100,0.021671875147148967
screamer,RollingKurt,2000000,100,0.0075225830078125
pandas,RollingMean,2000000,1000,0.013884041924029589
screamer,RollingMean,2000000,1000,0.011324708117172122
pandas,RollingStd,2000000,1000,0.026017541997134686
screamer,RollingStd,2000000,1000,0.0035583749413490295
pandas,RollingSkew,2000000,1000,0.018745666136965156
screamer,RollingSkew,2000000,1000,0.005724707851186395
pandas,RollingKurt,2000000,1000,0.02201641700230539
screamer,RollingKurt,2000000,1000,0.007409790996462107
pandas,RollingMean,2000000,10000,0.013973749941214919
screamer,RollingMean,2000000,10000,0.011313207913190126
pandas,RollingStd,2000000,10000,0.0260561250615865
screamer,RollingStd,2000000,10000,0.003586208913475275
pandas,RollingSkew,2000000,10000,0.01871004095301032
screamer,RollingSkew,2000000,10000,0.005910499952733517
pandas,RollingKurt,2000000,10000,0.021977833006531
screamer,RollingKurt,2000000,10000,0.007607040926814079
pandas,RollingMean,2000000,100000,0.013889875030145049
screamer,RollingMean,2000000,100000,0.011141875060275197
pandas,RollingStd,2000000,100000,0.025686959037557244
screamer,RollingStd,2000000,100000,0.0036012500058859587
pandas,RollingSkew,2000000,100000,0.018681082874536514
screamer,RollingSkew,2000000,100000,0.005919125163927674
pandas,RollingKurt,2000000,100000,0.021553416969254613
screamer,RollingKurt,2000000,100000,0.007547917077317834
pandas,RollingMean,2000000,1000000,0.01372633408755064
screamer,RollingMean,2000000,1000000,0.009488999843597412
pandas,RollingStd,2000000,1000000,0.02206162502989173
screamer,RollingStd,2000000,1000000,0.0037035830318927765
pandas,RollingSkew,2000000,1000000,0.017637540819123387
screamer,RollingSkew,2000000,1000000,0.006214624969288707
pandas,RollingKurt,2000000,1000000,0.019302125088870525
screamer,RollingKurt,2000000,1000000,0.007459959015250206
pandas,RollingMean,3000000,10,0.02330558397807181
screamer,RollingMean,3000000,10,0.01697345799766481
pandas,RollingStd,3000000,10,0.040859625209122896
screamer,RollingStd,3000000,10,0.0052994170691818
pandas,RollingSkew,3000000,10,0.029348582960665226
screamer,RollingSkew,3000000,10,0.008565875003114343
pandas,RollingKurt,3000000,10,0.033397083170711994
screamer,RollingKurt,3000000,10,0.010824917117133737
pandas,RollingMean,3000000,100,0.021046333014965057
screamer,RollingMean,3000000,100,0.016947499942034483
pandas,RollingStd,3000000,100,0.0404194591101259
screamer,RollingStd,3000000,100,0.0052813750226050615
pandas,RollingSkew,3000000,100,0.028950833017006516
screamer,RollingSkew,3000000,100,0.008687332971021533
pandas,RollingKurt,3000000,100,0.03345483308658004
screamer,RollingKurt,3000000,100,0.011310999980196357
pandas,RollingMean,3000000,1000,0.021011667093262076
screamer,RollingMean,3000000,1000,0.01689054211601615
pandas,RollingStd,3000000,1000,0.04047166695818305
screamer,RollingStd,3000000,1000,0.005380250047892332
pandas,RollingSkew,3000000,1000,0.02896295813843608
screamer,RollingSkew,3000000,1000,0.008705582935363054
pandas,RollingKurt,3000000,1000,0.03343650000169873
screamer,RollingKurt,3000000,1000,0.01114045805297792
pandas,RollingMean,3000000,10000,0.02106925006955862
screamer,RollingMean,3000000,10000,0.017048249952495098
pandas,RollingStd,3000000,10000,0.04030779213644564
screamer,RollingStd,3000000,10000,0.005368958925828338
pandas,RollingSkew,3000000,10000,0.029143957886844873
screamer,RollingSkew,3000000,10000,0.008969624992460012
pandas,RollingKurt,3000000,10000,0.0334836661349982
screamer,RollingKurt,3000000,10000,0.011243749875575304
pandas,RollingMean,3000000,100000,0.021077249897643924
screamer,RollingMean,3000000,100000,0.016831125132739544
pandas,RollingStd,3000000,100000,0.04000170901417732
screamer,RollingStd,3000000,100000,0.0053266671020537615
pandas,RollingSkew,3000000,100000,0.029189290944486856
screamer,RollingSkew,3000000,100000,0.009067957988008857
pandas,RollingKurt,3000000,100000,0.034540124936029315
screamer,RollingKurt,3000000,100000,0.013171582948416471
pandas,RollingMean,3000000,1000000,0.02135162497870624
screamer,RollingMean,3000000,1000000,0.01542950002476573
pandas,RollingStd,3000000,1000000,0.037607291946187615
screamer,RollingStd,3000000,1000000,0.005530999973416328
pandas,RollingSkew,3000000,1000000,0.02845804183743894
screamer,RollingSkew,3000000,1000000,0.00953904096968472
pandas,RollingKurt,3000000,1000000,0.03186204098165035
screamer,RollingKurt,3000000,1000000,0.011195083847269416
pandas,RollingMean,4000000,10,0.031008125049993396
screamer,RollingMean,4000000,10,0.025100708939135075
pandas,RollingStd,4000000,10,0.05433858302421868
screamer,RollingStd,4000000,10,0.007117625093087554
pandas,RollingSkew,4000000,10,0.03956987499259412
screamer,RollingSkew,4000000,10,0.011660124873742461
pandas,RollingKurt,4000000,10,0.0451106249820441
screamer,RollingKurt,4000000,10,0.014561209129169583
pandas,RollingMean,4000000,100,0.028559499885886908
screamer,RollingMean,4000000,100,0.022533959010615945
pandas,RollingStd,4000000,100,0.05415420909412205
screamer,RollingStd,4000000,100,0.007089667022228241
pandas,RollingSkew,4000000,100,0.039012416964396834
screamer,RollingSkew,4000000,100,0.011664249934256077
pandas,RollingKurt,4000000,100,0.04491208307445049
screamer,RollingKurt,4000000,100,0.014904042007401586
pandas,RollingMean,4000000,1000,0.02825662516988814
screamer,RollingMean,4000000,1000,0.022633875021710992
pandas,RollingStd,4000000,1000,0.054205582942813635
screamer,RollingStd,4000000,1000,0.007148833014070988
pandas,RollingSkew,4000000,1000,0.03862095810472965
screamer,RollingSkew,4000000,1000,0.011746499920263886
pandas,RollingKurt,4000000,1000,0.04484483413398266
screamer,RollingKurt,4000000,1000,0.014674083096906543
pandas,RollingMean,4000000,10000,0.028177083004266024
screamer,RollingMean,4000000,10000,0.02265258296392858
pandas,RollingStd,4000000,10000,0.05393279204145074
screamer,RollingStd,4000000,10000,0.0070712079759687185
pandas,RollingSkew,4000000,10000,0.03969566710293293
screamer,RollingSkew,4000000,10000,0.012082166969776154
pandas,RollingKurt,4000000,10000,0.04496795800514519
screamer,RollingKurt,4000000,10000,0.015321375103667378
pandas,RollingMean,4000000,100000,0.028278999961912632
screamer,RollingMean,4000000,100000,0.022454500198364258
pandas,RollingStd,4000000,100000,0.053609333001077175
screamer,RollingStd,4000000,100000,0.0071207499131560326
pandas,RollingSkew,4000000,100000,0.0387562089599669
screamer,RollingSkew,4000000,100000,0.01211616606451571
pandas,RollingKurt,4000000,100000,0.04586920794099569
screamer,RollingKurt,4000000,100000,0.01599158300086856
pandas,RollingMean,4000000,1000000,0.028387832920998335
screamer,RollingMean,4000000,1000000,0.020336541114374995
pandas,RollingStd,4000000,1000000,0.05018370901234448
screamer,RollingStd,4000000,1000000,0.00736166606657207
pandas,RollingSkew,4000000,1000000,0.03828249988146126
screamer,RollingSkew,4000000,1000000,0.012353583006188273
pandas,RollingKurt,4000000,1000000,0.04297100007534027
screamer,RollingKurt,4000000,1000000,0.015281124971807003
pandas,RollingMean,5000000,10,0.03656245791353285
screamer,RollingMean,5000000,10,0.0313404998742044
pandas,RollingStd,5000000,10,0.06838499987497926
screamer,RollingStd,5000000,10,0.008882792200893164
pandas,RollingSkew,5000000,10,0.04945395910181105
screamer,RollingSkew,5000000,10,0.014524583937600255
pandas,RollingKurt,5000000,10,0.05697854212485254
screamer,RollingKurt,5000000,10,0.018280332908034325
pandas,RollingMean,5000000,100,0.03619758295826614
screamer,RollingMean,5000000,100,0.028186416951939464
pandas,RollingStd,5000000,100,0.06801320891827345
screamer,RollingStd,5000000,100,0.008890666998922825
pandas,RollingSkew,5000000,100,0.048913625068962574
screamer,RollingSkew,5000000,100,0.014658041996881366
pandas,RollingKurt,5000000,100,0.0573078328743577
screamer,RollingKurt,5000000,100,0.018588874954730272
pandas,RollingMean,5000000,1000,0.03557691699825227
screamer,RollingMean,5000000,1000,0.03127845819108188
pandas,RollingStd,5000000,1000,0.06821495783515275
screamer,RollingStd,5000000,1000,0.008955375058576465
pandas,RollingSkew,5000000,1000,0.04911970812827349
screamer,RollingSkew,5000000,1000,0.01462062494829297
pandas,RollingKurt,5000000,1000,0.05645125010050833
screamer,RollingKurt,5000000,1000,0.018461582949385047
pandas,RollingMean,5000000,10000,0.03557008411735296
screamer,RollingMean,5000000,10000,0.028339958982542157
pandas,RollingStd,5000000,10000,0.06778175011277199
screamer,RollingStd,5000000,10000,0.008827792014926672
pandas,RollingSkew,5000000,10000,0.04927241709083319
screamer,RollingSkew,5000000,10000,0.0151163749396801
pandas,RollingKurt,5000000,10000,0.0569497081451118
screamer,RollingKurt,5000000,10000,0.01898120902478695
pandas,RollingMean,5000000,100000,0.03607999999076128
screamer,RollingMean,5000000,100000,0.031172916991636157
pandas,RollingStd,5000000,100000,0.06775587517768145
screamer,RollingStd,5000000,100000,0.008877042215317488
pandas,RollingSkew,5000000,100000,0.05003049992956221
screamer,RollingSkew,5000000,100000,0.01524624996818602
pandas,RollingKurt,5000000,100000,0.057139334036037326
screamer,RollingKurt,5000000,100000,0.019082166021689773
pandas,RollingMean,5000000,1000000,0.03599537489935756
screamer,RollingMean,5000000,1000000,0.026030875043943524
pandas,RollingStd,5000000,1000000,0.06448425003327429
screamer,RollingStd,5000000,1000000,0.009025292005389929
pandas,RollingSkew,5000000,1000000,0.04829962505027652
screamer,RollingSkew,5000000,1000000,0.015699875075370073
pandas,RollingKurt,5000000,1000000,0.05470920796506107
screamer,RollingKurt,5000000,1000000,0.01972154201939702
pandas,RollingMean,6000000,10,0.04460999998264015
screamer,RollingMean,6000000,10,0.037728500086814165
pandas,RollingStd,6000000,10,0.0819634587969631
screamer,RollingStd,6000000,10,0.010717707918956876
pandas,RollingSkew,6000000,10,0.059699458070099354
screamer,RollingSkew,6000000,10,0.01753137493506074
pandas,RollingKurt,6000000,10,0.06764049991033971
screamer,RollingKurt,6000000,10,0.022544499952346087
pandas,RollingMean,6000000,100,0.042507292004302144
screamer,RollingMean,6000000,100,0.03751041693612933
pandas,RollingStd,6000000,100,0.0810880409553647
screamer,RollingStd,6000000,100,0.010600624838843942
pandas,RollingSkew,6000000,100,0.05910754110664129
screamer,RollingSkew,6000000,100,0.017720541916787624
pandas,RollingKurt,6000000,100,0.06766533316113055
screamer,RollingKurt,6000000,100,0.022952333092689514
pandas,RollingMean,6000000,1000,0.04288437496870756
screamer,RollingMean,6000000,1000,0.03391866688616574
pandas,RollingStd,6000000,1000,0.08128662500530481
screamer,RollingStd,6000000,1000,0.010801666881889105
pandas,RollingSkew,6000000,1000,0.05890204105526209
screamer,RollingSkew,6000000,1000,0.01772224996238947
pandas,RollingKurt,6000000,1000,0.0682884999550879
screamer,RollingKurt,6000000,1000,0.022659667069092393
pandas,RollingMean,6000000,10000,0.04252766608260572
screamer,RollingMean,6000000,10000,0.034133875044062734
pandas,RollingStd,6000000,10000,0.08145574992522597
screamer,RollingStd,6000000,10000,0.010755959199741483
pandas,RollingSkew,6000000,10000,0.06082900008186698
screamer,RollingSkew,6000000,10000,0.018241292098537087
pandas,RollingKurt,6000000,10000,0.06800983403809369
screamer,RollingKurt,6000000,10000,0.023014792008325458
pandas,RollingMean,6000000,100000,0.0425867501180619
screamer,RollingMean,6000000,100000,0.03739804192446172
pandas,RollingStd,6000000,100000,0.08077608305029571
screamer,RollingStd,6000000,100000,0.010693249991163611
pandas,RollingSkew,6000000,100000,0.05871733301319182
screamer,RollingSkew,6000000,100000,0.018489999929443002
pandas,RollingKurt,6000000,100000,0.06764458306133747
screamer,RollingKurt,6000000,100000,0.023405417101457715
pandas,RollingMean,6000000,1000000,0.04237012495286763
screamer,RollingMean,6000000,1000000,0.03170475014485419
pandas,RollingStd,6000000,1000000,0.07820254191756248
screamer,RollingStd,6000000,1000000,0.010820124996826053
pandas,RollingSkew,6000000,1000000,0.05753412516787648
screamer,RollingSkew,6000000,1000000,0.01915558404289186
pandas,RollingKurt,6000000,1000000,0.06605854094959795
screamer,RollingKurt,6000000,1000000,0.023957583121955395
pandas,RollingMean,7000000,10,0.0521307080052793
screamer,RollingMean,7000000,10,0.04385291691869497
pandas,RollingStd,7000000,10,0.09510879195295274
screamer,RollingStd,7000000,10,0.012612083926796913
pandas,RollingSkew,7000000,10,0.06906875013373792
screamer,RollingSkew,7000000,10,0.0205787920858711
pandas,RollingKurt,7000000,10,0.07934445817954838
screamer,RollingKurt,7000000,10,0.025806833058595657
pandas,RollingMean,7000000,100,0.04980491707101464
screamer,RollingMean,7000000,100,0.03949758317321539
pandas,RollingStd,7000000,100,0.09481354104354978
screamer,RollingStd,7000000,100,0.012426750035956502
pandas,RollingSkew,7000000,100,0.06906279199756682
screamer,RollingSkew,7000000,100,0.020830292021855712
pandas,RollingKurt,7000000,100,0.07988299988210201
screamer,RollingKurt,7000000,100,0.026297750184312463
pandas,RollingMean,7000000,1000,0.05103866709396243
screamer,RollingMean,7000000,1000,0.03961783298291266
pandas,RollingStd,7000000,1000,0.09599787485785782
screamer,RollingStd,7000000,1000,0.012493708869442344
pandas,RollingSkew,7000000,1000,0.0695423330180347
screamer,RollingSkew,7000000,1000,0.02084820787422359
pandas,RollingKurt,7000000,1000,0.08030645805411041
screamer,RollingKurt,7000000,1000,0.026209166971966624
pandas,RollingMean,7000000,10000,0.05364833306521177
screamer,RollingMean,7000000,10000,0.039749084040522575
pandas,RollingStd,7000000,10000,0.09534200001507998
screamer,RollingStd,7000000,10000,0.012567041907459497
pandas,RollingSkew,7000000,10000,0.06891008419916034
screamer,RollingSkew,7000000,10000,0.021496000001206994
pandas,RollingKurt,7000000,10000,0.07900029211305082
screamer,RollingKurt,7000000,10000,0.026932250009849668
pandas,RollingMean,7000000,100000,0.05055391602218151
screamer,RollingMean,7000000,100000,0.039497457910329103
pandas,RollingStd,7000000,100000,0.09457891690544784
screamer,RollingStd,7000000,100000,0.012477000011131167
pandas,RollingSkew,7000000,100000,0.06890016701072454
screamer,RollingSkew,7000000,100000,0.02155020786449313
pandas,RollingKurt,7000000,100000,0.08008866594173014
screamer,RollingKurt,7000000,100000,0.027633124962449074
pandas,RollingMean,7000000,1000000,0.04958166601136327
screamer,RollingMean,7000000,1000000,0.04050483298487961
pandas,RollingStd,7000000,1000000,0.0918358750641346
screamer,RollingStd,7000000,1000000,0.012636834057047963
pandas,RollingSkew,7000000,1000000,0.06802566698752344
screamer,RollingSkew,7000000,1000000,0.022359125083312392
pandas,RollingKurt,7000000,1000000,0.0782242079731077
screamer,RollingKurt,7000000,1000000,0.028678999980911613
pandas,RollingMean,8000000,10,0.06254025013186038
screamer,RollingMean,8000000,10,0.050183665938675404
pandas,RollingStd,8000000,10,0.10859820782206953
screamer,RollingStd,8000000,10,0.014251749962568283
pandas,RollingSkew,8000000,10,0.07920083310455084
screamer,RollingSkew,8000000,10,0.023776124930009246
pandas,RollingKurt,8000000,10,0.0910312079358846
screamer,RollingKurt,8000000,10,0.030376542126759887
pandas,RollingMean,8000000,100,0.05723625002428889
screamer,RollingMean,8000000,100,0.05015658400952816
pandas,RollingStd,8000000,100,0.10979199991561472
screamer,RollingStd,8000000,100,0.01441895798780024
pandas,RollingSkew,8000000,100,0.07924029207788408
screamer,RollingSkew,8000000,100,0.023917082929983735
pandas,RollingKurt,8000000,100,0.09068962512537837
screamer,RollingKurt,8000000,100,0.030973250046372414
pandas,RollingMean,8000000,1000,0.05795745784416795
screamer,RollingMean,8000000,1000,0.050490833120420575
pandas,RollingStd,8000000,1000,0.10961283301003277
screamer,RollingStd,8000000,1000,0.014381417073309422
pandas,RollingSkew,8000000,1000,0.07850116700865328
screamer,RollingSkew,8000000,1000,0.023846083087846637
pandas,RollingKurt,8000000,1000,0.09116316703148186
screamer,RollingKurt,8000000,1000,0.03071333304978907
pandas,RollingMean,8000000,10000,0.057948790956288576
screamer,RollingMean,8000000,10000,0.050292500061914325
pandas,RollingStd,8000000,10000,0.10949070798233151
screamer,RollingStd,8000000,10000,0.01465658308006823
pandas,RollingSkew,8000000,10000,0.08259450015611947
screamer,RollingSkew,8000000,10000,0.024963000090792775
pandas,RollingKurt,8000000,10000,0.09168995800428092
screamer,RollingKurt,8000000,10000,0.03129966580308974
pandas,RollingMean,8000000,100000,0.05722058401443064
screamer,RollingMean,8000000,100000,0.050092542078346014
pandas,RollingStd,8000000,100000,0.1087327089626342
screamer,RollingStd,8000000,100000,0.014324167044833302
pandas,RollingSkew,8000000,100000,0.07900037500075996
screamer,RollingSkew,8000000,100000,0.024820500053465366
pandas,RollingKurt,8000000,100000,0.0907936249859631
screamer,RollingKurt,8000000,100000,0.031638958025723696
pandas,RollingMean,8000000,1000000,0.05716933403164148
screamer,RollingMean,8000000,1000000,0.04749512509442866
pandas,RollingStd,8000000,1000000,0.10557387489825487
screamer,RollingStd,8000000,1000000,0.014421874890103936
pandas,RollingSkew,8000000,1000000,0.07788924989290535
screamer,RollingSkew,8000000,1000000,0.026013707974925637
pandas,RollingKurt,8000000,1000000,0.0891372081823647
screamer,RollingKurt,8000000,1000000,0.031193166971206665
pandas,RollingMean,9000000,10,0.06973820785060525
screamer,RollingMean,9000000,10,0.05646179197356105
pandas,RollingStd,9000000,10,0.12168929190374911
screamer,RollingStd,9000000,10,0.01610216684639454
pandas,RollingSkew,9000000,10,0.09044237504713237
screamer,RollingSkew,9000000,10,0.02679633302614093
pandas,RollingKurt,9000000,10,0.1027702500578016
screamer,RollingKurt,9000000,10,0.03430237481370568
pandas,RollingMean,9000000,100,0.06679279101081192
screamer,RollingMean,9000000,100,0.056800541933625937
pandas,RollingStd,9000000,100,0.123230375116691
screamer,RollingStd,9000000,100,0.015386541839689016
pandas,RollingSkew,9000000,100,0.08618904184550047
screamer,RollingSkew,9000000,100,0.026436833199113607
pandas,RollingKurt,9000000,100,0.09890404180623591
screamer,RollingKurt,9000000,100,0.03366858302615583
pandas,RollingMean,9000000,1000,0.06164808291941881
screamer,RollingMean,9000000,1000,0.05635170894674957
pandas,RollingStd,9000000,1000,0.123883584048599
screamer,RollingStd,9000000,1000,0.015518666012212634
pandas,RollingSkew,9000000,1000,0.08523179101757705
screamer,RollingSkew,9000000,1000,0.02636625012382865
pandas,RollingKurt,9000000,1000,0.09852416603825986
screamer,RollingKurt,9000000,1000,0.03408616688102484
pandas,RollingMean,9000000,10000,0.06173012498766184
screamer,RollingMean,9000000,10000,0.05598795786499977
pandas,RollingStd,9000000,10000,0.11783116706646979
screamer,RollingStd,9000000,10000,0.015525249997153878
pandas,RollingSkew,9000000,10000,0.08606270793825388
screamer,RollingSkew,9000000,10000,0.027292832965031266
pandas,RollingKurt,9000000,10000,0.09987116605043411
screamer,RollingKurt,9000000,10000,0.035039749927818775
pandas,RollingMean,9000000,100000,0.06175416684709489
screamer,RollingMean,9000000,100000,0.05033083399757743
pandas,RollingStd,9000000,100000,0.11796758300624788
screamer,RollingStd,9000000,100000,0.015512416139245033
pandas,RollingSkew,9000000,100000,0.08503425004892051
screamer,RollingSkew,9000000,100000,0.027473374968394637
pandas,RollingKurt,9000000,100000,0.0992397500667721
screamer,RollingKurt,9000000,100000,0.035195708042010665
pandas,RollingMean,9000000,1000000,0.06234254105947912
screamer,RollingMean,9000000,1000000,0.05179158318787813
pandas,RollingStd,9000000,1000000,0.11440758313983679
screamer,RollingStd,9000000,1000000,0.01563458307646215
pandas,RollingSkew,9000000,1000000,0.0855733749922365
screamer,RollingSkew,9000000,1000000,0.02883112500421703
pandas,RollingKurt,9000000,1000000,0.10074604209512472
screamer,RollingKurt,9000000,1000000,0.03516149986535311
pandas,RollingMean,10000000,10,0.08211224991828203
screamer,RollingMean,10000000,10,0.06205912493169308
pandas,RollingStd,10000000,10,0.14082937501370907
screamer,RollingStd,10000000,10,0.017226000083610415
pandas,RollingSkew,10000000,10,0.09600104088895023
screamer,RollingSkew,10000000,10,0.030794999795034528
pandas,RollingKurt,10000000,10,0.11455962504260242
screamer,RollingKurt,10000000,10,0.0383952078409493
pandas,RollingMean,10000000,100,0.070817792089656
screamer,RollingMean,10000000,100,0.06218112516216934
pandas,RollingStd,10000000,100,0.1341339577920735
screamer,RollingStd,10000000,100,0.017221041955053806
pandas,RollingSkew,10000000,100,0.10501208319328725
screamer,RollingSkew,10000000,100,0.032724292017519474
pandas,RollingKurt,10000000,100,0.1105461660772562
screamer,RollingKurt,10000000,100,0.03753287508152425
pandas,RollingMean,10000000,1000,0.0765177090652287
screamer,RollingMean,10000000,1000,0.05597329093143344
pandas,RollingStd,10000000,1000,0.1376367921475321
screamer,RollingStd,10000000,1000,0.017342249862849712
pandas,RollingSkew,10000000,1000,0.09540045890025795
screamer,RollingSkew,10000000,1000,0.0294537500012666
pandas,RollingKurt,10000000,1000,0.11066545895300806
screamer,RollingKurt,10000000,1000,0.03706729202531278
pandas,RollingMean,10000000,10000,0.07000766694545746
screamer,RollingMean,10000000,10000,0.06219624984078109
pandas,RollingStd,10000000,10000,0.13217849982902408
screamer,RollingStd,10000000,10000,0.01728291600011289
pandas,RollingSkew,10000000,10000,0.10275345901027322
screamer,RollingSkew,10000000,10000,0.03025449998676777
pandas,RollingKurt,10000000,10000,0.11131233396008611
screamer,RollingKurt,10000000,10000,0.03896529087796807
pandas,RollingMean,10000000,100000,0.07636845880188048
screamer,RollingMean,10000000,100000,0.06217983295209706
pandas,RollingStd,10000000,100000,0.13629424991086125
screamer,RollingStd,10000000,100000,0.017384458100423217
pandas,RollingSkew,10000000,100000,0.09855479095131159
screamer,RollingSkew,10000000,100000,0.03058070782572031
pandas,RollingKurt,10000000,100000,0.11110408394597471
screamer,RollingKurt,10000000,100000,0.03927062498405576
pandas,RollingMean,10000000,1000000,0.06940129189752042
screamer,RollingMean,10000000,1000000,0.05950195784680545
pandas,RollingStd,10000000,1000000,0.1285361668560654
screamer,RollingStd,10000000,1000000,0.01749954209662974
pandas,RollingSkew,10000000,1000000,0.10061937500722706
screamer,RollingSkew,10000000,1000000,0.03163733286783099
pandas,RollingKurt,10000000,1000000,0.10865279193967581
screamer,RollingKurt,10000000,1000000,0.03928708308376372
pandas,RollingMean,20000000,10,0.17553333286195993
screamer,RollingMean,20000000,10,0.12393658398650587
pandas,RollingStd,20000000,10,0.29540137480944395
screamer,RollingStd,20000000,10,0.03907383396290243
pandas,RollingSkew,20000000,10,0.23808087478391826
screamer,RollingSkew,20000000,10,0.062377833062782884
pandas,RollingKurt,20000000,10,0.2695592080708593
screamer,RollingKurt,20000000,10,0.0777463330887258
pandas,RollingMean,20000000,100,0.18734029214829206
screamer,RollingMean,20000000,100,0.12212041695602238
pandas,RollingStd,20000000,100,0.29655204084701836
screamer,RollingStd,20000000,100,0.04036225005984306
pandas,RollingSkew,20000000,100,0.2408775829244405
screamer,RollingSkew,20000000,100,0.06207141699269414
pandas,RollingKurt,20000000,100,0.2657464579679072
screamer,RollingKurt,20000000,100,0.07994495797902346
pandas,RollingMean,20000000,1000,0.18368095811456442
screamer,RollingMean,20000000,1000,0.12772145797498524
pandas,RollingStd,20000000,1000,0.2982634580694139
screamer,RollingStd,20000000,1000,0.039357207948341966
pandas,RollingSkew,20000000,1000,0.24339025001972914
screamer,RollingSkew,20000000,1000,0.06145808403380215
pandas,RollingKurt,20000000,1000,0.2667485000565648
screamer,RollingKurt,20000000,1000,0.0775392500218004
pandas,RollingMean,20000000,10000,0.18284095800481737
screamer,RollingMean,20000000,10000,0.12793374992907047
pandas,RollingStd,20000000,10000,0.298172416863963
screamer,RollingStd,20000000,10000,0.03910179203376174
pandas,RollingSkew,20000000,10000,0.24472354212775826
screamer,RollingSkew,20000000,10000,0.06358449999243021
pandas,RollingKurt,20000000,10000,0.27049358282238245
screamer,RollingKurt,20000000,10000,0.0811955421231687
pandas,RollingMean,20000000,100000,0.18705795798450708
screamer,RollingMean,20000000,100000,0.12793325004167855
pandas,RollingStd,20000000,100000,0.295685833087191
screamer,RollingStd,20000000,100000,0.03912129206582904
pandas,RollingSkew,20000000,100000,0.2404780420474708
screamer,RollingSkew,20000000,100000,0.06409129197709262
pandas,RollingKurt,20000000,100000,0.27000183309428394
screamer,RollingKurt,20000000,100000,0.080551375169307
pandas,RollingMean,20000000,1000000,0.18613766715861857
screamer,RollingMean,20000000,1000000,0.1251167501322925
pandas,RollingStd,20000000,1000000,0.29359687492251396
screamer,RollingStd,20000000,1000000,0.04009100003167987
pandas,RollingSkew,20000000,1000000,0.24453320796601474
screamer,RollingSkew,20000000,1000000,0.06715654209256172
pandas,RollingKurt,20000000,1000000,0.2686896249651909
screamer,RollingKurt,20000000,1000000,0.08089804206974804
pandas,RollingMean,30000000,10,0.2524233751464635
screamer,RollingMean,30000000,10,0.19131279201246798
pandas,RollingStd,30000000,10,0.4408385418355465
screamer,RollingStd,30000000,10,0.05978258396498859
pandas,RollingSkew,30000000,10,0.34356279112398624
screamer,RollingSkew,30000000,10,0.09318970795720816
pandas,RollingKurt,30000000,10,0.37670462508685887
screamer,RollingKurt,30000000,10,0.11583566595800221
pandas,RollingMean,30000000,100,0.24819891597144306
screamer,RollingMean,30000000,100,0.1886893748305738
pandas,RollingStd,30000000,100,0.43615654204040766
screamer,RollingStd,30000000,100,0.0586660411208868
pandas,RollingSkew,30000000,100,0.33741616690531373
screamer,RollingSkew,30000000,100,0.09282558294944465
pandas,RollingKurt,30000000,100,0.38527720887213945
screamer,RollingKurt,30000000,100,0.11805683304555714
pandas,RollingMean,30000000,1000,0.25211445800960064
screamer,RollingMean,30000000,1000,0.19159604096785188
pandas,RollingStd,30000000,1000,0.43529699998907745
screamer,RollingStd,30000000,1000,0.0590508331079036
pandas,RollingSkew,30000000,1000,0.338675957871601
screamer,RollingSkew,30000000,1000,0.09272945881821215
pandas,RollingKurt,30000000,1000,0.3817949998192489
screamer,RollingKurt,30000000,1000,0.11630258290097117
pandas,RollingMean,30000000,10000,0.2521919591818005
screamer,RollingMean,30000000,10000,0.19265262503176928
pandas,RollingStd,30000000,10000,0.4351497918833047
screamer,RollingStd,30000000,10000,0.058750041062012315
pandas,RollingSkew,30000000,10000,0.33865579194389284
screamer,RollingSkew,30000000,10000,0.09560974990017712
pandas,RollingKurt,30000000,10000,0.38246041582897305
screamer,RollingKurt,30000000,10000,0.12025999999605119
pandas,RollingMean,30000000,100000,0.25262849987484515
screamer,RollingMean,30000000,100000,0.1925590829923749
pandas,RollingStd,30000000,100000,0.4348862499464303
screamer,RollingStd,30000000,100000,0.05861800001002848
pandas,RollingSkew,30000000,100000,0.33465087483637035
screamer,RollingSkew,30000000,100000,0.09625783306546509
pandas,RollingKurt,30000000,100000,0.3805843750014901
screamer,RollingKurt,30000000,100000,0.12060495791956782
pandas,RollingMean,30000000,1000000,0.24786995793692768
screamer,RollingMean,30000000,1000000,0.1890054999385029
pandas,RollingStd,30000000,1000000,0.4318131669424474
screamer,RollingStd,30000000,1000000,0.05911454185843468
pandas,RollingSkew,30000000,1000000,0.33363079209811985
screamer,RollingSkew,30000000,1000000,0.10020887479186058
pandas,RollingKurt,30000000,1000000,0.374674417078495
screamer,RollingKurt,30000000,1000000,0.12089570821262896
pandas,RollingMean,40000000,10,0.3773950410541147
screamer,RollingMean,40000000,10,0.23054504115134478
pandas,RollingStd,40000000,10,0.6177847080398351
screamer,RollingStd,40000000,10,0.07849733298644423
pandas,RollingSkew,40000000,10,0.48145179194398224
screamer,RollingSkew,40000000,10,0.12429429194889963
pandas,RollingKurt,40000000,10,0.5405125829856843
screamer,RollingKurt,40000000,10,0.1545678749680519
pandas,RollingMean,40000000,100,0.3706884169951081
screamer,RollingMean,40000000,100,0.22990966704674065
pandas,RollingStd,40000000,100,0.5920746249612421
screamer,RollingStd,40000000,100,0.07812420814298093
pandas,RollingSkew,40000000,100,0.4871185829397291
screamer,RollingSkew,40000000,100,0.12386341602541506
pandas,RollingKurt,40000000,100,0.542199790943414
screamer,RollingKurt,40000000,100,0.15763191715814173
pandas,RollingMean,40000000,1000,0.368124624947086
screamer,RollingMean,40000000,1000,0.22987295896746218
pandas,RollingStd,40000000,1000,0.5976296248845756
screamer,RollingStd,40000000,1000,0.07880145800299942
pandas,RollingSkew,40000000,1000,0.49109229212626815
screamer,RollingSkew,40000000,1000,0.12277570809237659
pandas,RollingKurt,40000000,1000,0.5422860418912023
screamer,RollingKurt,40000000,1000,0.15485404105857015
pandas,RollingMean,40000000,10000,0.36606154195033014
screamer,RollingMean,40000000,10000,0.23175966693088412
pandas,RollingStd,40000000,10000,0.5981319169513881
screamer,RollingStd,40000000,10000,0.07813916704617441
pandas,RollingSkew,40000000,10000,0.4866885419469327
screamer,RollingSkew,40000000,10000,0.12676166696473956
pandas,RollingKurt,40000000,10000,0.5396797501016408
screamer,RollingKurt,40000000,10000,0.16071762493811548
pandas,RollingMean,40000000,100000,0.3692413750104606
screamer,RollingMean,40000000,100000,0.2310702078975737
pandas,RollingStd,40000000,100000,0.5894628341775388
screamer,RollingStd,40000000,100000,0.07974541606381536
pandas,RollingSkew,40000000,100000,0.49098200001753867
screamer,RollingSkew,40000000,100000,0.127822290873155
pandas,RollingKurt,40000000,100000,0.5375372499693185
screamer,RollingKurt,40000000,100000,0.1645702919922769
pandas,RollingMean,40000000,1000000,0.35370624996721745
screamer,RollingMean,40000000,1000000,0.2379549159668386
pandas,RollingStd,40000000,1000000,0.604558042017743
screamer,RollingStd,40000000,1000000,0.08082549995742738
pandas,RollingSkew,40000000,1000000,0.4835599169600755
screamer,RollingSkew,40000000,1000000,0.1347941670101136
pandas,RollingKurt,40000000,1000000,0.5374414171092212
screamer,RollingKurt,40000000,1000000,0.16521462495438755
pandas,RollingMean,50000000,10,0.4646731249522418
screamer,RollingMean,50000000,10,0.2988858751486987
pandas,RollingStd,50000000,10,0.7870936668477952
screamer,RollingStd,50000000,10,0.10874995798803866
pandas,RollingSkew,50000000,10,0.6136021669954062
screamer,RollingSkew,50000000,10,0.15451525012031198
pandas,RollingKurt,50000000,10,0.681226541986689
screamer,RollingKurt,50000000,10,0.19414324988611042
pandas,RollingMean,50000000,100,0.47466337494552135
screamer,RollingMean,50000000,100,0.2919971670489758
pandas,RollingStd,50000000,100,0.7595708330627531
screamer,RollingStd,50000000,100,0.09679341595619917
pandas,RollingSkew,50000000,100,0.6013162911403924
screamer,RollingSkew,50000000,100,0.1549534578807652
pandas,RollingKurt,50000000,100,0.6898135840892792
screamer,RollingKurt,50000000,100,0.20097695803269744
pandas,RollingMean,50000000,1000,0.48492691689170897
screamer,RollingMean,50000000,1000,0.29023412498645484
pandas,RollingStd,50000000,1000,0.7650423331651837
screamer,RollingStd,50000000,1000,0.10089495801366866
pandas,RollingSkew,50000000,1000,0.6297364169731736
screamer,RollingSkew,50000000,1000,0.15523545816540718
pandas,RollingKurt,50000000,1000,0.662017917027697
screamer,RollingKurt,50000000,1000,0.1954127501230687
pandas,RollingMean,50000000,10000,0.46203570789657533
screamer,RollingMean,50000000,10000,0.29464379185810685
pandas,RollingStd,50000000,10000,0.754181917058304
screamer,RollingStd,50000000,10000,0.09815612505190074
pandas,RollingSkew,50000000,10000,0.6056812501046807
screamer,RollingSkew,50000000,10000,0.15973404189571738
pandas,RollingKurt,50000000,10000,0.671054792124778
screamer,RollingKurt,50000000,10000,0.20171941607259214
pandas,RollingMean,50000000,100000,0.45193687500432134
screamer,RollingMean,50000000,100000,0.2904493329115212
pandas,RollingStd,50000000,100000,0.7514675830025226
screamer,RollingStd,50000000,100000,0.09794929204508662
pandas,RollingSkew,50000000,100000,0.6026949998922646
screamer,RollingSkew,50000000,100000,0.16034608311019838
pandas,RollingKurt,50000000,100000,0.6772661251015961
screamer,RollingKurt,50000000,100000,0.20219187485054135
pandas,RollingMean,50000000,1000000,0.4554530829191208
screamer,RollingMean,50000000,1000000,0.31628570798784494
pandas,RollingStd,50000000,1000000,0.7523271250538528
screamer,RollingStd,50000000,1000000,0.09831120795570314
pandas,RollingSkew,50000000,1000000,0.6000177499372512
screamer,RollingSkew,50000000,1000000,0.16809741617180407
pandas,RollingKurt,50000000,1000000,0.6650772921275347
screamer,RollingKurt,50000000,1000000,0.20271391700953245
pandas,RollingMean,60000000,10,0.5179662501905113
screamer,RollingMean,60000000,10,0.3889864170923829
pandas,RollingStd,60000000,10,0.8877011251170188
screamer,RollingStd,60000000,10,0.1164015841204673
pandas,RollingSkew,60000000,10,0.6785089999902993
screamer,RollingSkew,60000000,10,0.18660358292981982
pandas,RollingKurt,60000000,10,0.7583645000122488
screamer,RollingKurt,60000000,10,0.2335305828601122
pandas,RollingMean,60000000,100,0.5070446250028908
screamer,RollingMean,60000000,100,0.34549075015820563
pandas,RollingStd,60000000,100,0.871441625058651
screamer,RollingStd,60000000,100,0.11762912501581013
pandas,RollingSkew,60000000,100,0.6787848749663681
screamer,RollingSkew,60000000,100,0.18762391596101224
pandas,RollingKurt,60000000,100,0.765019667102024
screamer,RollingKurt,60000000,100,0.23712829197756946
pandas,RollingMean,60000000,1000,0.5087062499951571
screamer,RollingMean,60000000,1000,0.34612479084171355
pandas,RollingStd,60000000,1000,0.8738874159753323
screamer,RollingStd,60000000,1000,0.11801320896483958
pandas,RollingSkew,60000000,1000,0.6793969999998808
screamer,RollingSkew,60000000,1000,0.18486837507225573
pandas,RollingKurt,60000000,1000,0.7640002500265837
screamer,RollingKurt,60000000,1000,0.23309779213741422
pandas,RollingMean,60000000,10000,0.5056367081124336
screamer,RollingMean,60000000,10000,0.3532276670448482
pandas,RollingStd,60000000,10000,0.8755895420908928
screamer,RollingStd,60000000,10000,0.1192654580809176
pandas,RollingSkew,60000000,10000,0.6998985419049859
screamer,RollingSkew,60000000,10000,0.19543695799075067
pandas,RollingKurt,60000000,10000,0.7728764591738582
screamer,RollingKurt,60000000,10000,0.24841958400793374
pandas,RollingMean,60000000,100000,0.5244634170085192
screamer,RollingMean,60000000,100000,0.38528158399276435
pandas,RollingStd,60000000,100000,0.907916999887675
screamer,RollingStd,60000000,100000,0.11879758420400321
pandas,RollingSkew,60000000,100000,0.8094283749815077
screamer,RollingSkew,60000000,100000,0.21812395798042417
pandas,RollingKurt,60000000,100000,0.7956513750832528
screamer,RollingKurt,60000000,100000,0.2426210001576692
pandas,RollingMean,60000000,1000000,0.5187917079310864
screamer,RollingMean,60000000,1000000,0.34512537508271635
pandas,RollingStd,60000000,1000000,0.8881205830257386
screamer,RollingStd,60000000,1000000,0.11933420901186764
pandas,RollingSkew,60000000,1000000,0.7211822499521077
screamer,RollingSkew,60000000,1000000,0.2003831248730421
pandas,RollingKurt,60000000,1000000,0.8153311249334365
screamer,RollingKurt,60000000,1000000,0.247015958186239
pandas,RollingMean,70000000,10,0.6400381249841303
screamer,RollingMean,70000000,10,0.41433695796877146
pandas,RollingStd,70000000,10,1.107485458953306
screamer,RollingStd,70000000,10,0.13854895788244903
pandas,RollingSkew,70000000,10,0.8388992920517921
screamer,RollingSkew,70000000,10,0.22066570911556482
pandas,RollingKurt,70000000,10,0.9267617920413613
screamer,RollingKurt,70000000,10,0.27403025003150105
pandas,RollingMean,70000000,100,0.6302589590195566
screamer,RollingMean,70000000,100,0.4122761250473559
pandas,RollingStd,70000000,100,1.0587249998934567
screamer,RollingStd,70000000,100,0.1393552499357611
pandas,RollingSkew,70000000,100,0.8091537919826806
screamer,RollingSkew,70000000,100,0.21828804188407958
pandas,RollingKurt,70000000,100,0.9176563329529017
screamer,RollingKurt,70000000,100,0.2777996249496937
pandas,RollingMean,70000000,1000,0.6297144589480013
screamer,RollingMean,70000000,1000,0.42747545801103115
pandas,RollingStd,70000000,1000,1.0418789160903543
screamer,RollingStd,70000000,1000,0.14013525005429983
pandas,RollingSkew,70000000,1000,0.83241495792754
screamer,RollingSkew,70000000,1000,0.2253439591731876
pandas,RollingKurt,70000000,1000,0.931250625057146
screamer,RollingKurt,70000000,1000,0.27868508314713836
pandas,RollingMean,70000000,10000,0.6051434581167996
screamer,RollingMean,70000000,10000,0.40630812500603497
pandas,RollingStd,70000000,10000,1.0344931250438094
screamer,RollingStd,70000000,10000,0.13819008297286928
pandas,RollingSkew,70000000,10000,0.8187048751860857
screamer,RollingSkew,70000000,10000,0.22249433398246765
pandas,RollingKurt,70000000,10000,0.9094390419777483
screamer,RollingKurt,70000000,10000,0.28343291697092354
pandas,RollingMean,70000000,100000,0.6005770000629127
screamer,RollingMean,70000000,100000,0.40215216716751456
pandas,RollingStd,70000000,100000,1.0337824581656605
screamer,RollingStd,70000000,100000,0.137984124943614
pandas,RollingSkew,70000000,100000,0.8065508748404682
screamer,RollingSkew,70000000,100000,0.2248070421628654
pandas,RollingKurt,70000000,100000,0.9142949159722775
screamer,RollingKurt,70000000,100000,0.2827233748976141
pandas,RollingMean,70000000,1000000,0.6043075420893729
screamer,RollingMean,70000000,1000000,0.4468685418833047
pandas,RollingStd,70000000,1000000,1.0365205840207636
screamer,RollingStd,70000000,1000000,0.13816941692493856
pandas,RollingSkew,70000000,1000000,0.8173422911204398
screamer,RollingSkew,70000000,1000000,0.23529900005087256
pandas,RollingKurt,70000000,1000000,0.9164944160729647
screamer,RollingKurt,70000000,1000000,0.2842477918602526
pandas,RollingMean,80000000,10,0.7402733750641346
screamer,RollingMean,80000000,10,0.4687706669792533
pandas,RollingStd,80000000,10,1.217295957962051
screamer,RollingStd,80000000,10,0.16316124983131886
pandas,RollingSkew,80000000,10,0.9442574169952422
screamer,RollingSkew,80000000,10,0.24741329182870686
pandas,RollingKurt,80000000,10,1.0522273341193795
screamer,RollingKurt,80000000,10,0.3105651249643415
pandas,RollingMean,80000000,100,0.7056032079271972
screamer,RollingMean,80000000,100,0.4644600418396294
pandas,RollingStd,80000000,100,1.221602083183825
screamer,RollingStd,80000000,100,0.1608421669807285
pandas,RollingSkew,80000000,100,0.9649581250268966
screamer,RollingSkew,80000000,100,0.2502955000381917
pandas,RollingKurt,80000000,100,1.0782433331478387
screamer,RollingKurt,80000000,100,0.3171835420653224
pandas,RollingMean,80000000,1000,0.7184698339551687
screamer,RollingMean,80000000,1000,0.48751137498766184
pandas,RollingStd,80000000,1000,1.2565098751801997
screamer,RollingStd,80000000,1000,0.15891591715626419
pandas,RollingSkew,80000000,1000,0.9592789171729237
screamer,RollingSkew,80000000,1000,0.24884649994783103
pandas,RollingKurt,80000000,1000,1.0568618329707533
screamer,RollingKurt,80000000,1000,0.31103979190811515
pandas,RollingMean,80000000,10000,0.7171288328245282
screamer,RollingMean,80000000,10000,0.4814847079105675
pandas,RollingStd,80000000,10000,1.2145349588245153
screamer,RollingStd,80000000,10000,0.1577872079797089
pandas,RollingSkew,80000000,10000,0.9384369170293212
screamer,RollingSkew,80000000,10000,0.2565849998500198
pandas,RollingKurt,80000000,10000,1.052768582943827
screamer,RollingKurt,80000000,10000,0.32170474994927645
pandas,RollingMean,80000000,100000,0.695059458957985
screamer,RollingMean,80000000,100000,0.4644050421193242
pandas,RollingStd,80000000,100000,1.1852046251296997
screamer,RollingStd,80000000,100000,0.16001387522555888
pandas,RollingSkew,80000000,100000,0.9323659169021994
screamer,RollingSkew,80000000,100000,0.2571916251908988
pandas,RollingKurt,80000000,100000,1.0566437500528991
screamer,RollingKurt,80000000,100000,0.322687708074227
pandas,RollingMean,80000000,1000000,0.6917091670911759
screamer,RollingMean,80000000,1000000,0.45981333404779434
pandas,RollingStd,80000000,1000000,1.184623874956742
screamer,RollingStd,80000000,1000000,0.15902404207736254
pandas,RollingSkew,80000000,1000000,0.9404080421663821
screamer,RollingSkew,80000000,1000000,0.2674147500656545
pandas,RollingKurt,80000000,1000000,1.039364208932966
screamer,RollingKurt,80000000,1000000,0.3246769169345498
pandas,RollingMean,90000000,10,0.7723915420938283
screamer,RollingMean,90000000,10,0.5497293751686811
pandas,RollingStd,90000000,10,1.349152582930401
screamer,RollingStd,90000000,10,0.1783556251320988
pandas,RollingSkew,90000000,10,1.0742992078885436
screamer,RollingSkew,90000000,10,0.2790021668188274
pandas,RollingKurt,90000000,10,1.1425686250440776
screamer,RollingKurt,90000000,10,0.3485889171715826
pandas,RollingMean,90000000,100,0.7516196251381189
screamer,RollingMean,90000000,100,0.542105375090614
pandas,RollingStd,90000000,100,1.3101400409359485
screamer,RollingStd,90000000,100,0.17723254184238613
pandas,RollingSkew,90000000,100,1.010756207862869
screamer,RollingSkew,90000000,100,0.28151937504298985
pandas,RollingKurt,90000000,100,1.1585853749420494
screamer,RollingKurt,90000000,100,0.36321812495589256
pandas,RollingMean,90000000,1000,0.7810824171174318
screamer,RollingMean,90000000,1000,0.5165637088939548
pandas,RollingStd,90000000,1000,1.319892916828394
screamer,RollingStd,90000000,1000,0.17854737490415573
pandas,RollingSkew,90000000,1000,1.0043220000807196
screamer,RollingSkew,90000000,1000,0.28101845900528133
pandas,RollingKurt,90000000,1000,1.1423528329469264
screamer,RollingKurt,90000000,1000,0.3506131670437753
pandas,RollingMean,90000000,10000,0.7367866667918861
screamer,RollingMean,90000000,10000,0.576658750185743
pandas,RollingStd,90000000,10000,1.3028246669564396
screamer,RollingStd,90000000,10000,0.17936045792885125
pandas,RollingSkew,90000000,10000,1.058090333128348
screamer,RollingSkew,90000000,10000,0.28821383393369615
pandas,RollingKurt,90000000,10000,1.168915999820456
screamer,RollingKurt,90000000,10000,0.36429187492467463
pandas,RollingMean,90000000,100000,0.7811088331509382
screamer,RollingMean,90000000,100000,0.5496679579373449
pandas,RollingStd,90000000,100000,1.37371158413589
screamer,RollingStd,90000000,100000,0.17750762519426644
pandas,RollingSkew,90000000,100000,1.023081208113581
screamer,RollingSkew,90000000,100000,0.2895649999845773
pandas,RollingKurt,90000000,100000,1.164075625129044
screamer,RollingKurt,90000000,100000,0.36406870908103883
pandas,RollingMean,90000000,1000000,0.762768458109349
screamer,RollingMean,90000000,1000000,0.5559648328926414
pandas,RollingStd,90000000,1000000,1.3894267498981208
screamer,RollingStd,90000000,1000000,0.17774158297106624
pandas,RollingSkew,90000000,1000000,1.0163292919751257
screamer,RollingSkew,90000000,1000000,0.3030050420202315
pandas,RollingKurt,90000000,1000000,1.1616523750126362
screamer,RollingKurt,90000000,1000000,0.36640012520365417
pandas,RollingMean,100000000,10,0.933143625035882
screamer,RollingMean,100000000,10,0.6259090839885175
pandas,RollingStd,100000000,10,1.5821077500004321
screamer,RollingStd,100000000,10,0.21216929098591208
pandas,RollingSkew,100000000,10,1.1314306249842048
screamer,RollingSkew,100000000,10,0.31201379210688174
pandas,RollingKurt,100000000,10,1.3117643748410046
screamer,RollingKurt,100000000,10,0.3970306671690196
pandas,RollingMean,100000000,100,0.8911271248944104
screamer,RollingMean,100000000,100,0.6193140000104904
pandas,RollingStd,100000000,100,1.5781893329694867
screamer,RollingStd,100000000,100,0.19868891593068838
pandas,RollingSkew,100000000,100,1.155361665878445
screamer,RollingSkew,100000000,100,0.3117514168843627
pandas,RollingKurt,100000000,100,1.303907958092168
screamer,RollingKurt,100000000,100,0.4003600829746574
pandas,RollingMean,100000000,1000,0.886615291936323
screamer,RollingMean,100000000,1000,0.6185961670707911
pandas,RollingStd,100000000,1000,1.5670617909636348
screamer,RollingStd,100000000,1000,0.1985360828693956
pandas,RollingSkew,100000000,1000,1.1812770830001682
screamer,RollingSkew,100000000,1000,0.31050995900295675
pandas,RollingKurt,100000000,1000,1.3260047498624772
screamer,RollingKurt,100000000,1000,0.39629020798020065
pandas,RollingMean,100000000,10000,0.8632402499206364
screamer,RollingMean,100000000,10000,0.6214170421008021
pandas,RollingStd,100000000,10000,1.50098591693677
screamer,RollingStd,100000000,10000,0.197287084069103
pandas,RollingSkew,100000000,10000,1.128418041858822
screamer,RollingSkew,100000000,10000,0.3192325420677662
pandas,RollingKurt,100000000,10000,1.2761741247959435
screamer,RollingKurt,100000000,10000,0.40162854199297726
pandas,RollingMean,100000000,100000,0.8300293330103159
screamer,RollingMean,100000000,100000,0.580386291956529
pandas,RollingStd,100000000,100000,1.4618052910082042
screamer,RollingStd,100000000,100000,0.197414583992213
pandas,RollingSkew,100000000,100000,1.121815666090697
screamer,RollingSkew,100000000,100000,0.32085933396592736
pandas,RollingKurt,100000000,100000,1.2790139170829207
screamer,RollingKurt,100000000,100000,0.4041215830948204
pandas,RollingMean,100000000,1000000,0.837900374783203
screamer,RollingMean,100000000,1000000,0.6344998748973012
pandas,RollingStd,100000000,1000000,1.4907114170491695
screamer,RollingStd,100000000,1000000,0.19786208285950124
pandas,RollingSkew,100000000,1000000,1.1341303340159357
screamer,RollingSkew,100000000,1000000,0.33684612484648824
pandas,RollingKurt,100000000,1000000,1.2859921248164028
screamer,RollingKurt,100000000,1000000,0.40660083293914795
